customer_id,first_name,last_name,gender,age,city,state,country,annual_income,customer_segment,account_open_date,risk_score,preferred_spending_min,preferred_spending_max,preferred_city,preferred_country,trusted_device_id,card_number,card_type
CUST000001,Ekani,Mody,Other,32,Mumbai,Maharashtra,India,428769.06,Regular,2021-01-30,40,8575.38,34301.52,Mumbai,India,DEV0001,4321819600133898,Amex
CUST000002,Raghav,De,Male,59,Ahmedabad,Gujarat,India,776129.8,Regular,2024-02-27,16,15522.6,62090.38,Ahmedabad,India,DEV0002,5026542351161551,Visa
CUST000003,Lajita,Prasad,Other,47,Ahmedabad,Gujarat,India,882525.25,Regular,2022-05-08,48,17650.5,70602.02,Ahmedabad,India,DEV0003,5618495931034137,RuPay
CUST000004,Baghyawati,Kashyap,Female,60,Kolkata,West Bengal,India,480925.96,Regular,2022-01-30,51,9618.52,38474.08,Kolkata,India,DEV0004,4419283276483507,RuPay
CUST000005,Omaja,Pal,Female,35,Chennai,Tamil Nadu,India,843538.48,Regular,2022-03-19,5,16870.77,67483.08,Chennai,India,DEV0005,5953767242388491,RuPay
CUST000006,Udant,Pall,Male,51,Bengaluru,Karnataka,India,309091.12,Regular,2024-02-20,11,6181.82,24727.29,Bengaluru,India,DEV0006,4012269166978488,RuPay
CUST000007,Lekha,Lal,Other,72,Kolkata,West Bengal,India,532597.41,Regular,2026-03-28,37,10651.95,42607.79,Kolkata,India,DEV0007,4704828148932520,RuPay
CUST000008,Yadavi,Subramaniam,Female,35,Delhi,Delhi,India,485937.5,Regular,2020-08-09,29,9718.75,38875.0,Delhi,India,DEV0008,5430391171822783,Amex
CUST000009,Tanay,Bath,Male,18,Hyderabad,Telangana,India,1538387.68,Gold,2020-06-15,34,76919.38,230758.15,Hyderabad,India,DEV0009,4578713315098399,Visa
CUST000010,Amaira,Dayal,Other,59,London,England,United Kingdom,838523.01,Regular,2022-06-26,19,16770.46,67081.84,London,United Kingdom,DEV0010,4518347382997373,Visa
CUST000011,Avi,Patla,Male,43,Pune,Maharashtra,India,517216.48,Regular,2020-10-03,50,10344.33,41377.32,Pune,India,DEV0011,5010651333872621,Mastercard
CUST000012,Matthew,Raman,Male,60,Ahmedabad,Gujarat,India,7207817.91,Platinum,2026-02-24,49,576625.43,1585719.94,Ahmedabad,India,DEV0012,4108013267736026,Amex
CUST000013,Siya,Jani,Female,21,Ahmedabad,Gujarat,India,702784.48,Regular,2025-03-03,36,14055.69,56222.76,Ahmedabad,India,DEV0013,4872343098050098,Visa
CUST000014,Nilima,Solanki,Other,38,Mumbai,Maharashtra,India,2876867.33,Platinum,2020-05-01,55,230149.39,632910.81,Mumbai,India,DEV0014,5136193990916991,RuPay
CUST000015,Aditya,Bala,Male,22,Kolkata,West Bengal,India,507260.8,Regular,2020-01-30,43,10145.22,40580.86,Kolkata,India,DEV0015,5475107991183849,Visa
CUST000016,Gavin,Verma,Male,56,Kolkata,West Bengal,India,534819.97,Regular,2023-01-10,19,10696.4,42785.6,Kolkata,India,DEV0016,5849808412411820,Mastercard
CUST000017,Triya,Sachar,Other,22,Kolkata,West Bengal,India,662254.67,Regular,2025-07-23,41,13245.09,52980.37,Kolkata,India,DEV0017,5487401640052429,Visa
CUST000018,Rehaan,Garg,Male,35,Mumbai,Maharashtra,India,3918568.68,Corporate,2022-07-13,17,391856.87,1175570.6,Mumbai,India,DEV0018,4280598262045050,Visa
CUST000019,Shravya,Kade,Female,33,Pune,Maharashtra,India,4123171.64,Corporate,2025-01-15,50,412317.16,1236951.49,Pune,India,DEV0019,4322602563421601,Mastercard
CUST000020,Brinda,Chadha,Female,71,Singapore,Singapore,Singapore,766974.57,Regular,2023-04-01,34,15339.49,61357.97,Singapore,Singapore,DEV0020,4330365414586859,RuPay
CUST000021,Imaran,Bail,Male,43,Chennai,Tamil Nadu,India,637771.32,Regular,2024-10-10,31,12755.43,51021.71,Chennai,India,DEV0021,4556981693406084,RuPay
CUST000022,Inaya,Bains,Female,74,Mumbai,Maharashtra,India,4722698.0,Corporate,2021-09-23,22,472269.8,1416809.4,Mumbai,India,DEV0022,4951484656482369,RuPay
CUST000023,Devika,Banerjee,Female,71,Delhi,Delhi,India,386618.75,Regular,2024-06-26,57,7732.37,30929.5,Delhi,India,DEV0023,4995777387214895,Mastercard
CUST000024,Tara,Srinivas,Other,59,Chennai,Tamil Nadu,India,379434.46,Regular,2022-10-03,32,7588.69,30354.76,Chennai,India,DEV0024,4003791769367634,Visa
CUST000025,Bimala,Vohra,Female,37,Hyderabad,Telangana,India,872677.93,Regular,2025-03-19,27,17453.56,69814.23,Hyderabad,India,DEV0025,5870831727889572,Amex
CUST000026,Krishna,Rama,Male,73,Ahmedabad,Gujarat,India,738654.91,Regular,2020-06-23,28,14773.1,59092.39,Ahmedabad,India,DEV0026,4487347143455817,Mastercard
CUST000027,Varsha,Varghese,Female,37,Bengaluru,Karnataka,India,1002766.16,Gold,2019-01-14,44,50138.31,150414.92,Bengaluru,India,DEV0027,5658760366909677,RuPay
CUST000028,Mitali,Patil,Female,43,Pune,Maharashtra,India,727512.14,Regular,2024-01-15,41,14550.24,58200.97,Pune,India,DEV0028,4937346706562727,Amex
CUST000029,Lipika,Kale,Other,52,Delhi,Delhi,India,528598.3,Regular,2024-11-01,42,10571.97,42287.86,Delhi,India,DEV0029,5720465375564643,Visa
CUST000030,Hamsini,Handa,Other,21,London,England,United Kingdom,2724861.2,Corporate,2025-10-05,42,272486.12,817458.36,London,United Kingdom,DEV0030,5100330923271937,RuPay
CUST000031,William,Malhotra,Male,29,Mumbai,Maharashtra,India,1162025.3,Gold,2021-01-18,73,58101.26,174303.79,Mumbai,India,DEV0031,4419049663193147,Visa
CUST000032,Anika,Sethi,Female,21,Pune,Maharashtra,India,1010330.78,Gold,2018-12-21,27,50516.54,151549.62,Pune,India,DEV0032,5506716572628499,Amex
CUST000033,Adweta,Uppal,Female,41,Chennai,Tamil Nadu,India,409571.86,Regular,2026-05-11,25,8191.44,32765.75,Chennai,India,DEV0033,5147379965075270,RuPay
CUST000034,Chaitaly,Kalla,Female,43,Chennai,Tamil Nadu,India,6356510.63,Platinum,2022-12-09,20,508520.85,1398432.34,Chennai,India,DEV0034,4480831367837775,RuPay
CUST000035,Qabil,Kant,Male,32,Pune,Maharashtra,India,1389929.65,Gold,2025-02-19,46,69496.48,208489.45,Pune,India,DEV0035,4957885685574449,Mastercard
CUST000036,Bimala,Goswami,Female,67,Mumbai,Maharashtra,India,2421404.1,Gold,2023-04-06,55,121070.2,363210.61,Mumbai,India,DEV0036,5233749894134352,Visa
CUST000037,Eta,Nagi,Other,75,Bengaluru,Karnataka,India,883291.71,Regular,2025-04-30,32,17665.83,70663.34,Bengaluru,India,DEV0037,5842710947775202,Visa
CUST000038,Farhan,Mitra,Male,56,Pune,Maharashtra,India,625063.75,Regular,2019-06-17,19,12501.28,50005.1,Pune,India,DEV0038,5022941318699931,Amex
CUST000039,Kavya,Majumdar,Female,27,Chennai,Tamil Nadu,India,7945171.93,Platinum,2024-04-09,20,635613.75,1747937.83,Chennai,India,DEV0039,4499091334123283,Visa
CUST000040,Tripti,Borde,Female,71,New York,New York,United States,1651859.97,Gold,2022-06-11,46,82593.0,247778.99,New York,United States,DEV0040,5034471349361838,Mastercard
CUST000041,Onkar,Iyengar,Male,46,Delhi,Delhi,India,449947.68,Regular,2020-01-24,48,8998.95,35995.81,Delhi,India,DEV0041,5947174648877192,RuPay
CUST000042,Ojasvi,Walia,Other,28,Chennai,Tamil Nadu,India,398800.87,Regular,2025-05-12,44,7976.02,31904.07,Chennai,India,DEV0042,4990490278742965,Amex
CUST000043,Jagvi,Butala,Female,71,Pune,Maharashtra,India,685586.78,Regular,2021-10-31,23,13711.74,54846.94,Pune,India,DEV0043,4256746807154513,Amex
CUST000044,Amara,Nazareth,Female,25,Delhi,Delhi,India,485156.58,Regular,2026-02-26,39,9703.13,38812.53,Delhi,India,DEV0044,5770348247710930,Visa
CUST000045,Kala,Vaidya,Other,45,Pune,Maharashtra,India,894967.14,Regular,2019-06-08,37,17899.34,71597.37,Pune,India,DEV0045,5171274846773781,Mastercard
CUST000046,Wishi,Murthy,Other,34,Bengaluru,Karnataka,India,4019360.72,Platinum,2023-10-07,38,321548.86,884259.36,Bengaluru,India,DEV0046,5658404499727874,Amex
CUST000047,Jagvi,Dave,Female,72,Kolkata,West Bengal,India,7894260.47,Platinum,2023-11-04,50,631540.84,1736737.3,Kolkata,India,DEV0047,5396360576627021,Visa
CUST000048,Pavani,Venkataraman,Female,46,Mumbai,Maharashtra,India,547003.25,Regular,2026-06-02,39,10940.06,43760.26,Mumbai,India,DEV0048,4262174596158651,Visa
CUST000049,Yuvraj,Venkatesh,Male,72,Chennai,Tamil Nadu,India,4113682.28,Corporate,2022-01-10,47,411368.23,1234104.69,Chennai,India,DEV0049,4611724005045564,Amex
CUST000050,Mugdha,Wason,Other,71,Dubai,Dubai,UAE,301329.43,Regular,2025-02-17,36,6026.59,24106.35,Dubai,UAE,DEV0050,4693792374740745,Visa
CUST000051,Harini,Wason,Female,56,Kolkata,West Bengal,India,2547039.87,Corporate,2026-08-16,40,254703.99,764111.96,Kolkata,India,DEV0051,4647436713695943,Amex
CUST000052,Anvi,Mann,Female,74,Delhi,Delhi,India,695769.67,Regular,2025-03-23,46,13915.39,55661.57,Delhi,India,DEV0052,5097439533942101,Visa
CUST000053,Pooja,Dhillon,Other,20,Kolkata,West Bengal,India,1044213.4,Gold,2023-09-25,8,52210.67,156632.01,Kolkata,India,DEV0053,5456232858842477,Visa
CUST000054,Aarna,Bakshi,Female,21,Mumbai,Maharashtra,India,878225.14,Regular,2022-01-05,29,17564.5,70258.01,Mumbai,India,DEV0054,4685160481754965,Mastercard
CUST000055,Vamakshi,Jha,Female,20,Delhi,Delhi,India,2409070.62,Gold,2025-03-19,26,120453.53,361360.59,Delhi,India,DEV0055,4593174612004712,Mastercard
CUST000056,Ishani,Parmer,Female,68,Ahmedabad,Gujarat,India,867097.5,Regular,2019-06-07,23,17341.95,69367.8,Ahmedabad,India,DEV0056,4869261796405379,RuPay
CUST000057,Lohit,Raj,Male,34,Kolkata,West Bengal,India,885597.64,Regular,2022-09-14,30,17711.95,70847.81,Kolkata,India,DEV0057,4506431713900536,Visa
CUST000058,Ekaja,Soni,Other,19,Hyderabad,Telangana,India,778484.44,Regular,2025-01-28,61,15569.69,62278.76,Hyderabad,India,DEV0058,5352904228421023,Mastercard
CUST000059,Ati,Manda,Other,63,Kolkata,West Bengal,India,422488.88,Regular,2022-10-16,19,8449.78,33799.11,Kolkata,India,DEV0059,4268117758917834,RuPay
CUST000060,Eshana,Vasa,Female,33,London,England,United Kingdom,561338.24,Regular,2026-07-22,52,11226.76,44907.06,London,United Kingdom,DEV0060,5661771159212492,Amex
CUST000061,Oeshi,Bains,Other,34,Chennai,Tamil Nadu,India,643527.41,Regular,2024-12-11,5,12870.55,51482.19,Chennai,India,DEV0061,5118367365766156,RuPay
CUST000062,Daksha,Acharya,Female,38,Bengaluru,Karnataka,India,1658828.62,Gold,2024-09-01,28,82941.43,248824.29,Bengaluru,India,DEV0062,5111615280988519,Amex
CUST000063,Rachita,Chaudhari,Other,28,Delhi,Delhi,India,3601435.32,Corporate,2020-08-19,37,360143.53,1080430.6,Delhi,India,DEV0063,4519832731585146,Amex
CUST000064,Yochana,Bora,Other,35,Delhi,Delhi,India,1952529.96,Gold,2021-10-16,45,97626.5,292879.49,Delhi,India,DEV0064,4402445502296121,Mastercard
CUST000065,Chavvi,Soman,Female,65,Pune,Maharashtra,India,352316.03,Regular,2019-04-27,47,7046.32,28185.28,Pune,India,DEV0065,5459910229014760,Amex
CUST000066,Rajeshri,Jha,Female,46,Hyderabad,Telangana,India,1082108.01,Gold,2026-01-14,49,54105.4,162316.2,Hyderabad,India,DEV0066,4614978403690030,Mastercard
CUST000067,Aarini,Kar,Female,54,Chennai,Tamil Nadu,India,255024.44,Regular,2023-05-24,28,5100.49,20401.96,Chennai,India,DEV0067,4622683885160608,RuPay
CUST000068,Ladli,Murthy,Other,67,Pune,Maharashtra,India,711174.33,Regular,2020-06-09,26,14223.49,56893.95,Pune,India,DEV0068,5641605297516139,Visa
CUST000069,Nandini,Naik,Female,34,Chennai,Tamil Nadu,India,1254515.29,Gold,2019-06-09,50,62725.76,188177.29,Chennai,India,DEV0069,4218188355231249,Mastercard
CUST000070,Mohini,Sagar,Other,36,London,England,United Kingdom,752351.26,Regular,2020-12-13,31,15047.03,60188.1,London,United Kingdom,DEV0070,5779979955271776,Visa
CUST000071,Kala,Das,Female,67,Mumbai,Maharashtra,India,543744.01,Regular,2019-12-24,12,10874.88,43499.52,Mumbai,India,DEV0071,4054119986798070,RuPay
CUST000072,Chaman,Dora,Other,37,Ahmedabad,Gujarat,India,872519.53,Regular,2018-10-07,14,17450.39,69801.56,Ahmedabad,India,DEV0072,5715182037788927,RuPay
CUST000073,Brinda,Tripathi,Female,48,Pune,Maharashtra,India,1986236.35,Gold,2025-11-27,18,99311.82,297935.45,Pune,India,DEV0073,5051518644925199,RuPay
CUST000074,Abha,Babu,Other,42,Pune,Maharashtra,India,710742.11,Regular,2021-05-02,43,14214.84,56859.37,Pune,India,DEV0074,4148652816850549,RuPay
CUST000075,Isha,Nair,Female,30,Hyderabad,Telangana,India,339417.48,Regular,2021-03-04,37,6788.35,27153.4,Hyderabad,India,DEV0075,4141888059296228,Amex
CUST000076,Ayushman,Memon,Male,21,Pune,Maharashtra,India,717730.69,Regular,2022-08-08,47,14354.61,57418.46,Pune,India,DEV0076,5794738347359772,Amex
CUST000077,Veer,Dass,Male,56,Hyderabad,Telangana,India,3261191.94,Platinum,2020-03-19,27,260895.36,717462.23,Hyderabad,India,DEV0077,5407581814124781,Visa
CUST000078,Anirudh,Thakur,Male,24,Ahmedabad,Gujarat,India,7617595.6,Platinum,2023-06-10,37,609407.65,1675871.03,Ahmedabad,India,DEV0078,4606853615305158,Visa
CUST000079,Panini,Vyas,Female,49,Ahmedabad,Gujarat,India,1122068.31,Gold,2023-11-17,46,56103.42,168310.25,Ahmedabad,India,DEV0079,4779010432898619,RuPay
CUST000080,Warinder,Mukhopadhyay,Male,36,London,England,United Kingdom,665318.63,Regular,2019-08-09,29,13306.37,53225.49,London,United Kingdom,DEV0080,5971179808932467,Mastercard
CUST000081,Dalaja,Thakkar,Other,72,Pune,Maharashtra,India,684339.69,Regular,2024-03-09,43,13686.79,54747.17,Pune,India,DEV0081,4851888880670655,RuPay
CUST000082,Fariq,Chopra,Male,68,Kolkata,West Bengal,India,677117.86,Regular,2019-09-24,23,13542.36,54169.43,Kolkata,India,DEV0082,4195205852772212,RuPay
CUST000083,Omkaar,Edwin,Male,74,Delhi,Delhi,India,2317264.62,Gold,2020-12-22,28,115863.23,347589.69,Delhi,India,DEV0083,5548687403450549,Amex
CUST000084,Rajata,Pillay,Female,70,Ahmedabad,Gujarat,India,4626546.23,Platinum,2024-10-07,28,370123.7,1017840.17,Ahmedabad,India,DEV0084,4277584161692846,Visa
CUST000085,Baghyawati,Sengupta,Female,40,Chennai,Tamil Nadu,India,641704.06,Regular,2020-07-03,13,12834.08,51336.32,Chennai,India,DEV0085,4627570596401650,Visa
CUST000086,Daniel,Singhal,Male,25,Ahmedabad,Gujarat,India,293701.69,Regular,2023-11-14,43,5874.03,23496.13,Ahmedabad,India,DEV0086,5556909275571924,Amex
CUST000087,Sanya,Dixit,Female,34,Chennai,Tamil Nadu,India,323741.6,Regular,2020-01-23,26,6474.83,25899.33,Chennai,India,DEV0087,4278681447394733,Visa
CUST000088,Tanmayi,Dugal,Female,46,Bengaluru,Karnataka,India,4948111.56,Platinum,2019-05-24,35,395848.92,1088584.54,Bengaluru,India,DEV0088,4155188442258318,Mastercard
CUST000089,Tanmayi,Bhalla,Female,52,Delhi,Delhi,India,621980.31,Regular,2026-06-06,43,12439.61,49758.43,Delhi,India,DEV0089,5782911467866910,Visa
CUST000090,Inaya,Chana,Female,59,New York,New York,United States,1451223.65,Gold,2023-11-01,43,72561.18,217683.55,New York,United States,DEV0090,5892268018242253,RuPay
CUST000091,Siddharth,Dewan,Male,74,Chennai,Tamil Nadu,India,871628.56,Regular,2025-12-21,46,17432.57,69730.28,Chennai,India,DEV0091,4424981829922990,Visa
CUST000092,Reyansh,Majumdar,Male,24,Delhi,Delhi,India,4198578.29,Corporate,2024-05-18,33,419857.83,1259573.49,Delhi,India,DEV0092,4439690784473641,Visa
CUST000093,Akshay,Zachariah,Male,46,Ahmedabad,Gujarat,India,551887.4,Regular,2021-01-31,27,11037.75,44150.99,Ahmedabad,India,DEV0093,4592555625881535,RuPay
CUST000094,Ucchal,Lad,Female,72,Hyderabad,Telangana,India,282893.44,Regular,2020-12-09,33,5657.87,22631.48,Hyderabad,India,DEV0094,5696325953278771,Visa
CUST000095,Brijesh,Sinha,Male,38,Pune,Maharashtra,India,878346.31,Regular,2021-10-08,5,17566.93,70267.7,Pune,India,DEV0095,5395004797480167,RuPay
CUST000096,Ridhi,Wali,Female,55,Kolkata,West Bengal,India,283252.5,Regular,2019-12-04,8,5665.05,22660.2,Kolkata,India,DEV0096,4835841687849917,Amex
CUST000097,Ishanvi,Dave,Female,34,Kolkata,West Bengal,India,487644.14,Regular,2026-03-18,11,9752.88,39011.53,Kolkata,India,DEV0097,4239868000257877,RuPay
CUST000098,Daksha,Divan,Other,46,Kolkata,West Bengal,India,893900.23,Regular,2024-05-07,17,17878.0,71512.02,Kolkata,India,DEV0098,5495888794705518,Visa
CUST000099,Bhavna,Choudhry,Other,75,Ahmedabad,Gujarat,India,676134.13,Regular,2021-04-01,42,13522.68,54090.73,Ahmedabad,India,DEV0099,4993097289623093,Visa
CUST000100,Oni,Mani,Female,23,Singapore,Singapore,Singapore,518424.07,Regular,2022-12-24,18,10368.48,41473.93,Singapore,Singapore,DEV0100,4368970283857866,Amex
CUST000101,Vansha,Dube,Other,63,Kolkata,West Bengal,India,689314.57,Regular,2023-03-28,28,13786.29,55145.17,Kolkata,India,DEV0101,5497334843443758,RuPay
CUST000102,Aradhana,Magar,Female,23,Mumbai,Maharashtra,India,603074.07,Regular,2023-04-01,58,12061.48,48245.93,Mumbai,India,DEV0102,5652404157473387,Mastercard
CUST000103,Nathaniel,Rastogi,Male,44,Hyderabad,Telangana,India,685392.08,Regular,2022-11-21,28,13707.84,54831.37,Hyderabad,India,DEV0103,5833016571208261,Mastercard
CUST000104,Triveni,Rastogi,Female,28,Kolkata,West Bengal,India,288455.68,Regular,2021-09-07,48,5769.11,23076.45,Kolkata,India,DEV0104,5193802620672402,Visa
CUST000105,Divya,Vala,Female,64,Chennai,Tamil Nadu,India,666853.07,Regular,2021-03-16,18,13337.06,53348.25,Chennai,India,DEV0105,5872874315274207,Mastercard
CUST000106,Kalpit,Golla,Male,40,Pune,Maharashtra,India,5334043.62,Platinum,2018-10-15,31,426723.49,1173489.6,Pune,India,DEV0106,5161227530463749,Visa
CUST000107,Pavani,Mody,Female,53,Kolkata,West Bengal,India,999398.93,Gold,2020-01-28,17,49969.95,149909.84,Kolkata,India,DEV0107,4174268414593324,Amex
CUST000108,Widisha,Ghose,Other,51,Kolkata,West Bengal,India,607002.43,Regular,2021-01-28,28,12140.05,48560.19,Kolkata,India,DEV0108,4783391878519105,Mastercard
CUST000109,Vincent,Mandal,Male,40,Kolkata,West Bengal,India,4930123.04,Platinum,2025-09-19,50,394409.84,1084627.07,Kolkata,India,DEV0109,5397187072867902,RuPay
CUST000110,Yashoda,Wali,Other,43,London,England,United Kingdom,780694.6,Regular,2019-12-21,5,15613.89,62455.57,London,United Kingdom,DEV0110,4391065180170461,Amex
CUST000111,Bimala,Tailor,Female,59,Pune,Maharashtra,India,846124.8,Regular,2025-08-17,42,16922.5,67689.98,Pune,India,DEV0111,5661825128682305,Amex
CUST000112,Diya,Chada,Other,27,Pune,Maharashtra,India,785184.28,Regular,2023-10-29,39,15703.69,62814.74,Pune,India,DEV0112,4375243106903315,Amex
CUST000113,Arya,Jani,Other,53,Delhi,Delhi,India,278753.87,Regular,2020-02-26,24,5575.08,22300.31,Delhi,India,DEV0113,5738302843959955,Mastercard
CUST000114,Amara,Dhar,Other,58,Hyderabad,Telangana,India,428850.05,Regular,2021-10-01,8,8577.0,34308.0,Hyderabad,India,DEV0114,5892687056856627,Mastercard
CUST000115,Urishilla,Lata,Other,52,Ahmedabad,Gujarat,India,396473.96,Regular,2024-09-13,36,7929.48,31717.92,Ahmedabad,India,DEV0115,5270866882634351,RuPay
CUST000116,Imaran,Bahri,Male,54,Hyderabad,Telangana,India,495159.18,Regular,2022-09-09,25,9903.18,39612.73,Hyderabad,India,DEV0116,4990139837354036,Amex
CUST000117,Wahab,Dani,Male,53,Hyderabad,Telangana,India,405565.12,Regular,2023-12-21,39,8111.3,32445.21,Hyderabad,India,DEV0117,4546785445877177,RuPay
CUST000118,Deepa,Bandi,Female,26,Pune,Maharashtra,India,811655.15,Regular,2025-10-25,35,16233.1,64932.41,Pune,India,DEV0118,5204899642353697,RuPay
CUST000119,Bhavika,Barad,Female,46,Ahmedabad,Gujarat,India,3745930.59,Corporate,2020-02-27,63,374593.06,1123779.18,Ahmedabad,India,DEV0119,4772522872808014,Amex
CUST000120,Ekavir,Zachariah,Male,51,Dubai,Dubai,UAE,348169.27,Regular,2022-08-11,30,6963.39,27853.54,Dubai,UAE,DEV0120,4387509977008861,RuPay
CUST000121,Tanmayi,Pandit,Other,33,Chennai,Tamil Nadu,India,778552.19,Regular,2020-09-11,16,15571.04,62284.18,Chennai,India,DEV0121,5621182339845465,Amex
CUST000122,Rajeshri,Mishra,Female,19,Hyderabad,Telangana,India,2290500.38,Corporate,2025-06-23,38,229050.04,687150.12,Hyderabad,India,DEV0122,4101666870021767,Visa
CUST000123,Fitan,More,Male,69,Hyderabad,Telangana,India,3923006.99,Corporate,2019-11-11,38,392300.7,1176902.1,Hyderabad,India,DEV0123,5974014890250391,Visa
CUST000124,Oviya,Shroff,Female,36,Bengaluru,Karnataka,India,618352.35,Regular,2021-05-02,59,12367.05,49468.19,Bengaluru,India,DEV0124,5685621850163156,RuPay
CUST000125,Jack,Dyal,Male,63,Chennai,Tamil Nadu,India,1620880.31,Gold,2026-05-11,50,81044.02,243132.05,Chennai,India,DEV0125,4358662961943117,Amex
CUST000126,Waida,Bhatt,Other,49,Bengaluru,Karnataka,India,1406685.17,Gold,2023-04-27,41,70334.26,211002.77,Bengaluru,India,DEV0126,5110475412126781,Visa
CUST000127,Champak,Desai,Male,36,Mumbai,Maharashtra,India,310491.77,Regular,2021-06-02,61,6209.84,24839.34,Mumbai,India,DEV0127,4956046618398264,RuPay
CUST000128,Vyanjana,Mandal,Female,58,Chennai,Tamil Nadu,India,291123.65,Regular,2018-10-08,13,5822.47,23289.89,Chennai,India,DEV0128,4646471543799377,RuPay
CUST000129,Faris,Mahal,Male,71,Pune,Maharashtra,India,653124.92,Regular,2019-12-19,23,13062.5,52249.99,Pune,India,DEV0129,5575692459375264,Amex
CUST000130,Upadhriti,Prabhu,Other,53,Dubai,Dubai,UAE,432195.1,Regular,2020-02-23,18,8643.9,34575.61,Dubai,UAE,DEV0130,5651939828073748,Amex
CUST000131,Warjas,Nanda,Male,68,Chennai,Tamil Nadu,India,678130.93,Regular,2019-06-27,27,13562.62,54250.47,Chennai,India,DEV0131,4661797968868056,Visa
CUST000132,Chakradev,Mutti,Male,73,Kolkata,West Bengal,India,648240.64,Regular,2026-05-31,10,12964.81,51859.25,Kolkata,India,DEV0132,5965610143888998,RuPay
CUST000133,Yahvi,Srinivas,Female,54,Ahmedabad,Gujarat,India,1841743.93,Gold,2024-02-23,46,92087.2,276261.59,Ahmedabad,India,DEV0133,4825071461125451,Amex
CUST000134,Mugdha,Das,Female,74,Ahmedabad,Gujarat,India,719296.06,Regular,2023-01-10,30,14385.92,57543.69,Ahmedabad,India,DEV0134,5751401051238283,Amex
CUST000135,Meera,Majumdar,Female,67,Hyderabad,Telangana,India,1907616.51,Gold,2026-06-22,8,95380.83,286142.48,Hyderabad,India,DEV0135,4266093796603345,Mastercard
CUST000136,Geetika,Wason,Female,32,Kolkata,West Bengal,India,324070.73,Regular,2020-07-13,16,6481.41,25925.66,Kolkata,India,DEV0136,4785969691557923,Mastercard
CUST000137,Aachal,Chhabra,Female,25,Mumbai,Maharashtra,India,326016.79,Regular,2020-10-16,40,6520.34,26081.34,Mumbai,India,DEV0137,4528669296627826,Amex
CUST000138,Gaurangi,Madan,Female,55,Bengaluru,Karnataka,India,797290.39,Regular,2024-08-15,50,15945.81,63783.23,Bengaluru,India,DEV0138,5905072368876769,Mastercard
CUST000139,Logan,Loyal,Male,21,Delhi,Delhi,India,1252847.21,Gold,2023-12-03,70,62642.36,187927.08,Delhi,India,DEV0139,5043842797881912,Visa
CUST000140,Vaishnavi,Yohannan,Other,42,New York,New York,United States,893354.22,Regular,2020-12-16,87,17867.08,71468.34,New York,United States,DEV0140,5134074517133952,Mastercard
CUST000141,Kavya,Lall,Other,41,Bengaluru,Karnataka,India,2201647.78,Gold,2020-12-14,42,110082.39,330247.17,Bengaluru,India,DEV0141,4095849825449484,Amex
CUST000142,Nicholas,Goel,Male,51,Chennai,Tamil Nadu,India,3197884.93,Platinum,2019-03-18,17,255830.79,703534.68,Chennai,India,DEV0142,5232536729466712,RuPay
CUST000143,Eiravati,Kar,Other,63,Kolkata,West Bengal,India,567228.91,Regular,2021-03-18,5,11344.58,45378.31,Kolkata,India,DEV0143,5901751863637454,Mastercard
CUST000144,Abha,Kashyap,Other,70,Ahmedabad,Gujarat,India,2330647.45,Gold,2024-12-16,39,116532.37,349597.12,Ahmedabad,India,DEV0144,5001701277063245,Visa
CUST000145,Xiti,Khalsa,Other,55,Kolkata,West Bengal,India,491698.45,Regular,2023-01-02,20,9833.97,39335.88,Kolkata,India,DEV0145,5206436110371297,Visa
CUST000146,Orinder,Khanna,Male,64,Kolkata,West Bengal,India,7934852.0,Platinum,2023-11-16,27,634788.16,1745667.44,Kolkata,India,DEV0146,4627136111554268,Visa
CUST000147,Yamini,Deol,Other,43,Delhi,Delhi,India,1162586.48,Gold,2022-06-15,23,58129.32,174387.97,Delhi,India,DEV0147,5532697311219655,Mastercard
CUST000148,Udarsh,Kapadia,Male,20,Chennai,Tamil Nadu,India,1297067.24,Gold,2023-08-13,32,64853.36,194560.09,Chennai,India,DEV0148,5999404389836409,Amex
CUST000149,Atharv,Mitter,Male,65,Hyderabad,Telangana,India,636054.35,Regular,2020-08-21,54,12721.09,50884.35,Hyderabad,India,DEV0149,4805526965827106,Visa
CUST000150,Zilmil,Chauhan,Female,40,Dubai,Dubai,UAE,289304.76,Regular,2019-07-27,37,5786.1,23144.38,Dubai,UAE,DEV0150,4684866618892411,Mastercard
CUST000151,Tanveer,Shah,Male,65,Kolkata,West Bengal,India,662291.26,Regular,2026-03-04,32,13245.83,52983.3,Kolkata,India,DEV0151,4146303161799042,Visa
CUST000152,Tamanna,Mohan,Other,33,Bengaluru,Karnataka,India,1162132.21,Gold,2022-01-17,16,58106.61,174319.83,Bengaluru,India,DEV0152,5588425241056483,Visa
CUST000153,Omisha,Sule,Female,72,Ahmedabad,Gujarat,India,286035.42,Regular,2020-08-26,5,5720.71,22882.83,Ahmedabad,India,DEV0153,5925241913800035,RuPay
CUST000154,Anika,Nair,Female,61,Bengaluru,Karnataka,India,874222.39,Regular,2019-11-15,26,17484.45,69937.79,Bengaluru,India,DEV0154,4086353654195187,Mastercard
CUST000155,Kala,Mahal,Other,72,Delhi,Delhi,India,1741242.53,Corporate,2020-07-21,34,174124.25,522372.76,Delhi,India,DEV0155,5744518705349490,RuPay
CUST000156,Qushi,Pant,Other,69,Ahmedabad,Gujarat,India,4215600.85,Corporate,2024-08-30,66,421560.08,1264680.25,Ahmedabad,India,DEV0156,4832060385050646,Mastercard
CUST000157,Darika,Mandal,Female,28,Ahmedabad,Gujarat,India,4903957.33,Corporate,2021-03-23,37,490395.73,1471187.2,Ahmedabad,India,DEV0157,4241038657191829,Visa
CUST000158,Mitali,Bir,Female,54,Bengaluru,Karnataka,India,419644.11,Regular,2020-08-30,52,8392.88,33571.53,Bengaluru,India,DEV0158,5565574313291213,Amex
CUST000159,Amrita,Handa,Female,33,Pune,Maharashtra,India,482886.84,Regular,2023-05-09,26,9657.74,38630.95,Pune,India,DEV0159,4374741124903522,RuPay
CUST000160,Hemangini,Vig,Female,53,London,England,United Kingdom,1316266.87,Gold,2018-09-22,13,65813.34,197440.03,London,United Kingdom,DEV0160,4206788317121009,Mastercard
CUST000161,Ishani,Iyengar,Female,44,Kolkata,West Bengal,India,2400119.84,Gold,2026-07-22,17,120005.99,360017.98,Kolkata,India,DEV0161,4199410137215109,Mastercard
CUST000162,Osha,Ahuja,Other,55,Pune,Maharashtra,India,4672492.79,Platinum,2022-07-06,21,373799.42,1027948.41,Pune,India,DEV0162,4066253244720996,RuPay
CUST000163,Yashawini,Madan,Female,73,Pune,Maharashtra,India,5134670.11,Platinum,2023-10-05,73,410773.61,1129627.43,Pune,India,DEV0163,5146263838065780,RuPay
CUST000164,Wishi,Iyengar,Female,30,Chennai,Tamil Nadu,India,457270.42,Regular,2022-07-19,20,9145.41,36581.63,Chennai,India,DEV0164,4304078593213346,Mastercard
CUST000165,Yahvi,Konda,Other,68,Pune,Maharashtra,India,795494.46,Regular,2025-04-14,50,15909.89,63639.56,Pune,India,DEV0165,5223955905992936,Mastercard
CUST000166,Hemangini,Sant,Female,64,Delhi,Delhi,India,401205.18,Regular,2025-03-08,18,8024.1,32096.41,Delhi,India,DEV0166,4308705932525001,Visa
CUST000167,Arya,Sarma,Other,40,Kolkata,West Bengal,India,2807567.73,Corporate,2021-10-11,51,280756.77,842270.32,Kolkata,India,DEV0167,4691545226752899,Mastercard
CUST000168,Anjali,Minhas,Female,32,Chennai,Tamil Nadu,India,1371227.62,Gold,2024-12-13,41,68561.38,205684.14,Chennai,India,DEV0168,5209690295939170,Visa
CUST000169,Ekalinga,Varma,Male,66,Kolkata,West Bengal,India,2087605.96,Corporate,2022-12-30,32,208760.6,626281.79,Kolkata,India,DEV0169,5157043315410062,Mastercard
CUST000170,Nandini,Kapur,Female,45,New York,New York,United States,4431771.43,Platinum,2024-03-14,34,354541.71,974989.71,New York,United States,DEV0170,5617932710405415,Mastercard
CUST000171,Vamakshi,Suri,Female,31,Bengaluru,Karnataka,India,1775274.01,Gold,2021-11-02,23,88763.7,266291.1,Bengaluru,India,DEV0171,4159970629620155,Amex
CUST000172,Vidhi,Thaman,Other,54,Chennai,Tamil Nadu,India,1375841.04,Gold,2026-07-03,43,68792.05,206376.16,Chennai,India,DEV0172,4106987205061492,Visa
CUST000173,Henry,Sant,Male,30,Hyderabad,Telangana,India,439677.45,Regular,2020-02-28,26,8793.55,35174.2,Hyderabad,India,DEV0173,4171467741862560,Amex
CUST000174,Jeet,Rajagopal,Male,66,Chennai,Tamil Nadu,India,421210.53,Regular,2024-01-27,12,8424.21,33696.84,Chennai,India,DEV0174,5490211586938062,Amex
CUST000175,Kamala,Kakar,Other,19,Hyderabad,Telangana,India,301320.78,Regular,2020-01-19,11,6026.42,24105.66,Hyderabad,India,DEV0175,5089899217223325,Visa
CUST000176,Adweta,Singhal,Other,42,Pune,Maharashtra,India,784666.62,Regular,2024-08-06,38,15693.33,62773.33,Pune,India,DEV0176,5294511686854875,Visa
CUST000177,Aashi,Prashad,Female,57,Bengaluru,Karnataka,India,632157.19,Regular,2021-03-22,63,12643.14,50572.57,Bengaluru,India,DEV0177,4119148564679976,RuPay
CUST000178,Nilima,Baria,Female,36,Bengaluru,Karnataka,India,1989300.58,Gold,2020-09-09,37,99465.03,298395.09,Bengaluru,India,DEV0178,4606530745054442,Mastercard
CUST000179,Aarav,Keer,Male,73,Chennai,Tamil Nadu,India,3050887.15,Corporate,2025-12-05,32,305088.71,915266.14,Chennai,India,DEV0179,4546913736785086,RuPay
CUST000180,Neelima,Bal,Other,27,New York,New York,United States,803341.97,Regular,2024-05-15,40,16066.84,64267.36,New York,United States,DEV0180,5902330307053455,Visa
CUST000181,Nimrat,Krishna,Other,61,Delhi,Delhi,India,567711.38,Regular,2024-08-09,58,11354.23,45416.91,Delhi,India,DEV0181,4727985524140600,Mastercard
CUST000182,Radha,Murty,Other,50,Hyderabad,Telangana,India,1330533.73,Gold,2023-06-12,38,66526.69,199580.06,Hyderabad,India,DEV0182,5680072290349442,RuPay
CUST000183,Aarini,Anand,Female,49,Chennai,Tamil Nadu,India,446394.31,Regular,2023-04-13,27,8927.89,35711.54,Chennai,India,DEV0183,4896910858994416,RuPay
CUST000184,Geetika,Wali,Female,73,Kolkata,West Bengal,India,3936307.99,Platinum,2018-11-27,54,314904.64,865987.76,Kolkata,India,DEV0184,5432830965207449,Amex
CUST000185,Anjali,Grewal,Other,26,Delhi,Delhi,India,896589.92,Regular,2023-07-23,42,17931.8,71727.19,Delhi,India,DEV0185,5353875842824170,Mastercard
CUST000186,Vyanjana,Patil,Other,47,Kolkata,West Bengal,India,1255605.62,Gold,2019-08-03,62,62780.28,188340.84,Kolkata,India,DEV0186,4346554947170991,Amex
CUST000187,Jagdish,Kaul,Male,29,Mumbai,Maharashtra,India,4599180.71,Platinum,2025-08-20,38,367934.46,1011819.76,Mumbai,India,DEV0187,5460223569725215,Mastercard
CUST000188,Daksha,Bose,Female,23,Delhi,Delhi,India,427793.11,Regular,2020-08-20,12,8555.86,34223.45,Delhi,India,DEV0188,4292712966667601,RuPay
CUST000189,Tejas,Oak,Male,25,Kolkata,West Bengal,India,1749654.06,Gold,2024-06-29,10,87482.7,262448.11,Kolkata,India,DEV0189,5003354216894217,RuPay
CUST000190,Yashoda,Khosla,Female,28,Singapore,Singapore,Singapore,696407.1,Regular,2023-08-26,64,13928.14,55712.57,Singapore,Singapore,DEV0190,4257532603323091,Visa
CUST000191,Vrinda,Joshi,Female,65,Delhi,Delhi,India,666208.71,Regular,2026-01-11,66,13324.17,53296.7,Delhi,India,DEV0191,5890901001676180,Mastercard
CUST000192,Om,Prabhakar,Male,37,Delhi,Delhi,India,680081.97,Regular,2023-02-23,31,13601.64,54406.56,Delhi,India,DEV0192,4849926189141179,RuPay
CUST000193,Brinda,Iyengar,Other,38,Hyderabad,Telangana,India,516341.55,Regular,2020-01-04,28,10326.83,41307.32,Hyderabad,India,DEV0193,4208737530011972,Visa
CUST000194,Odika,Taneja,Other,25,Mumbai,Maharashtra,India,3755178.77,Corporate,2018-12-25,61,375517.88,1126553.63,Mumbai,India,DEV0194,4744701204556114,Mastercard
CUST000195,Gauri,Bail,Other,43,Bengaluru,Karnataka,India,831442.95,Regular,2019-04-07,15,16628.86,66515.44,Bengaluru,India,DEV0195,4941552166746760,Mastercard
CUST000196,Aradhana,Apte,Other,49,Delhi,Delhi,India,4455224.47,Corporate,2022-10-05,18,445522.45,1336567.34,Delhi,India,DEV0196,4169797296590275,Amex
CUST000197,Tanmayi,Banik,Female,74,Delhi,Delhi,India,675732.82,Regular,2025-11-17,46,13514.66,54058.63,Delhi,India,DEV0197,4089935889163758,Visa
CUST000198,Chatura,Wason,Male,21,Bengaluru,Karnataka,India,555037.81,Regular,2025-11-25,27,11100.76,44403.02,Bengaluru,India,DEV0198,4721753540838660,Amex
CUST000199,Amaira,Sarin,Female,50,Ahmedabad,Gujarat,India,573996.5,Regular,2020-11-09,34,11479.93,45919.72,Ahmedabad,India,DEV0199,4517016608801994,Amex
CUST000200,Aashi,Sengupta,Female,69,Singapore,Singapore,Singapore,6991237.78,Platinum,2026-01-26,32,559299.02,1538072.31,Singapore,Singapore,DEV0200,5758997571130550,Visa
CUST000201,Daniel,Chandran,Male,46,Bengaluru,Karnataka,India,784195.13,Regular,2021-05-12,41,15683.9,62735.61,Bengaluru,India,DEV0201,4614933163735166,Amex
CUST000202,Rachana,Kota,Female,28,Bengaluru,Karnataka,India,1515181.7,Corporate,2025-04-15,60,151518.17,454554.51,Bengaluru,India,DEV0202,5086978292216997,Amex
CUST000203,Lavanya,Khalsa,Other,24,Hyderabad,Telangana,India,876335.8,Regular,2024-03-14,36,17526.72,70106.86,Hyderabad,India,DEV0203,5472269848583330,RuPay
CUST000204,Xalak,Dave,Other,39,Bengaluru,Karnataka,India,3775302.36,Corporate,2022-06-11,46,377530.24,1132590.71,Bengaluru,India,DEV0204,4288515879968468,Visa
CUST000205,Unnati,Gaba,Female,55,Bengaluru,Karnataka,India,286793.1,Regular,2022-11-03,5,5735.86,22943.45,Bengaluru,India,DEV0205,4424420438057193,Amex
CUST000206,Chandresh,Talwar,Male,20,Chennai,Tamil Nadu,India,975167.81,Gold,2019-07-03,34,48758.39,146275.17,Chennai,India,DEV0206,4666580043973595,Mastercard
CUST000207,Ijaya,Sant,Female,68,Ahmedabad,Gujarat,India,693728.25,Regular,2019-11-27,19,13874.57,55498.26,Ahmedabad,India,DEV0207,5228160648422941,Amex
CUST000208,Bhanumati,Narasimhan,Other,21,Bengaluru,Karnataka,India,853608.35,Regular,2020-01-25,13,17072.17,68288.67,Bengaluru,India,DEV0208,4909479851583289,Amex
CUST000209,Madhavi,Grewal,Other,36,Pune,Maharashtra,India,393778.75,Regular,2026-06-13,19,7875.58,31502.3,Pune,India,DEV0209,4355543987801579,Visa
CUST000210,Adya,Palla,Other,74,Singapore,Singapore,Singapore,767534.28,Regular,2020-10-14,28,15350.69,61402.74,Singapore,Singapore,DEV0210,5164840858877040,Visa
CUST000211,Chandresh,Johal,Male,42,Bengaluru,Karnataka,India,4206614.81,Corporate,2023-05-26,51,420661.48,1261984.44,Bengaluru,India,DEV0211,4801336138612073,Visa
CUST000212,Banjeet,Bumb,Male,28,Delhi,Delhi,India,413740.2,Regular,2022-04-02,11,8274.8,33099.22,Delhi,India,DEV0212,4193466766506181,Visa
CUST000213,Yashvi,Rana,Other,65,Mumbai,Maharashtra,India,576844.02,Regular,2021-06-14,35,11536.88,46147.52,Mumbai,India,DEV0213,5449147660728322,Mastercard
CUST000214,Zansi,Nagarajan,Female,26,Kolkata,West Bengal,India,1539025.73,Corporate,2022-09-09,26,153902.57,461707.72,Kolkata,India,DEV0214,5821009968814358,Mastercard
CUST000215,Dominic,Bala,Male,63,Bengaluru,Karnataka,India,792586.44,Regular,2019-07-10,29,15851.73,63406.92,Bengaluru,India,DEV0215,5312908781414137,RuPay
CUST000216,Urvi,Om,Female,38,Bengaluru,Karnataka,India,1275252.56,Gold,2025-06-02,53,63762.63,191287.88,Bengaluru,India,DEV0216,5491357759492993,Amex
CUST000217,Dakshesh,Chaudhary,Male,36,Delhi,Delhi,India,760679.07,Regular,2025-04-17,44,15213.58,60854.33,Delhi,India,DEV0217,4645257775478124,RuPay
CUST000218,Imaran,Kanda,Male,27,Hyderabad,Telangana,India,826118.29,Regular,2024-02-07,59,16522.37,66089.46,Hyderabad,India,DEV0218,5110809969308484,Mastercard
CUST000219,Aahana,Mani,Female,22,Pune,Maharashtra,India,751894.15,Regular,2023-09-29,32,15037.88,60151.53,Pune,India,DEV0219,5427881658039282,Mastercard
CUST000220,Fariq,Wadhwa,Male,56,Dubai,Dubai,UAE,1673605.47,Gold,2020-07-13,22,83680.27,251040.82,Dubai,UAE,DEV0220,5503731453038564,Visa
CUST000221,Advik,Swaminathan,Male,34,Kolkata,West Bengal,India,879486.91,Regular,2020-08-09,30,17589.74,70358.95,Kolkata,India,DEV0221,5449892665918462,RuPay
CUST000222,Jyoti,Dhillon,Female,55,Ahmedabad,Gujarat,India,2319475.11,Gold,2019-11-04,39,115973.76,347921.27,Ahmedabad,India,DEV0222,4082723184322254,Mastercard
CUST000223,Dipta,Sen,Female,42,Kolkata,West Bengal,India,1670426.64,Gold,2024-12-16,38,83521.33,250564.0,Kolkata,India,DEV0223,4773926030299220,Mastercard
CUST000224,Michael,Sidhu,Male,54,Bengaluru,Karnataka,India,367024.4,Regular,2023-06-12,15,7340.49,29361.95,Bengaluru,India,DEV0224,4699041379772368,Mastercard
CUST000225,Hamsini,Dani,Other,68,Chennai,Tamil Nadu,India,695634.26,Regular,2024-09-28,36,13912.69,55650.74,Chennai,India,DEV0225,4799136621038866,Mastercard
CUST000226,Amruta,Jain,Female,41,Delhi,Delhi,India,5422864.73,Platinum,2022-09-25,39,433829.18,1193030.24,Delhi,India,DEV0226,5117298068650865,Amex
CUST000227,Madhavi,Bora,Female,54,Mumbai,Maharashtra,India,415436.72,Regular,2025-01-10,80,8308.73,33234.94,Mumbai,India,DEV0227,5314986430098180,Mastercard
CUST000228,Gayathri,Johal,Other,58,Kolkata,West Bengal,India,319279.09,Regular,2024-09-26,68,6385.58,25542.33,Kolkata,India,DEV0228,5694486959463684,Mastercard
CUST000229,Vidhi,Prasad,Female,29,Ahmedabad,Gujarat,India,449324.51,Regular,2020-06-26,19,8986.49,35945.96,Ahmedabad,India,DEV0229,4562137213865898,Amex
CUST000230,Radhika,Sharaf,Other,25,London,England,United Kingdom,7027905.06,Platinum,2019-10-21,29,562232.4,1546139.11,London,United Kingdom,DEV0230,5796114351906691,Visa
CUST000231,Guneet,Buch,Male,36,Ahmedabad,Gujarat,India,381109.71,Regular,2025-10-29,8,7622.19,30488.78,Ahmedabad,India,DEV0231,4843098839205300,RuPay
CUST000232,Vaishnavi,Kuruvilla,Female,34,Kolkata,West Bengal,India,1548721.55,Gold,2020-12-20,24,77436.08,232308.23,Kolkata,India,DEV0232,5380118489554390,Amex
CUST000233,Abha,Bail,Other,71,Delhi,Delhi,India,514637.51,Regular,2019-07-14,40,10292.75,41171.0,Delhi,India,DEV0233,5181845184894762,Mastercard
CUST000234,Urishilla,Bajwa,Female,62,Ahmedabad,Gujarat,India,2334438.12,Gold,2019-04-14,56,116721.91,350165.72,Ahmedabad,India,DEV0234,4071416335658803,RuPay
CUST000235,Jagdish,Buch,Male,73,Pune,Maharashtra,India,2213719.5,Gold,2023-01-31,21,110685.98,332057.93,Pune,India,DEV0235,5182755394237331,Mastercard
CUST000236,Naveen,Tank,Male,25,Hyderabad,Telangana,India,7099840.9,Platinum,2022-01-22,23,567987.27,1561965.0,Hyderabad,India,DEV0236,5521117908075950,Amex
CUST000237,Gaurang,Vohra,Male,18,Chennai,Tamil Nadu,India,737610.1,Regular,2025-08-04,5,14752.2,59008.81,Chennai,India,DEV0237,5208678085627189,Visa
CUST000238,Ayush,Contractor,Male,70,Hyderabad,Telangana,India,315486.09,Regular,2024-04-18,32,6309.72,25238.89,Hyderabad,India,DEV0238,4594284347955274,Amex
CUST000239,Sudiksha,Nath,Other,56,Kolkata,West Bengal,India,510385.19,Regular,2019-09-09,15,10207.7,40830.82,Kolkata,India,DEV0239,5729293143866328,Visa
CUST000240,Ekansh,Kapadia,Male,58,New York,New York,United States,897115.15,Regular,2024-06-03,25,17942.3,71769.21,New York,United States,DEV0240,5885744890612031,Visa
CUST000241,Manya,Uppal,Female,56,Kolkata,West Bengal,India,484199.28,Regular,2019-11-09,19,9683.99,38735.94,Kolkata,India,DEV0241,5845061593998249,Amex
CUST000242,Vidhi,Thakur,Other,50,Ahmedabad,Gujarat,India,4595890.49,Platinum,2025-01-14,33,367671.24,1011095.91,Ahmedabad,India,DEV0242,5472256996112537,RuPay
CUST000243,Oviya,Majumdar,Other,32,Chennai,Tamil Nadu,India,1532728.52,Gold,2023-02-26,5,76636.43,229909.28,Chennai,India,DEV0243,5759876220234134,Visa
CUST000244,Bachittar,Bumb,Male,63,Mumbai,Maharashtra,India,3156150.29,Corporate,2025-10-05,8,315615.03,946845.09,Mumbai,India,DEV0244,5006811492164333,Mastercard
CUST000245,Chakradhar,Kala,Male,73,Bengaluru,Karnataka,India,681306.94,Regular,2023-05-30,73,13626.14,54504.56,Bengaluru,India,DEV0245,5577848728299790,RuPay
CUST000246,Hemani,Contractor,Female,51,Hyderabad,Telangana,India,4930231.68,Platinum,2025-09-09,11,394418.53,1084650.97,Hyderabad,India,DEV0246,5564240082547801,RuPay
CUST000247,Gavin,Deshpande,Male,56,Pune,Maharashtra,India,1855206.0,Gold,2024-05-24,15,92760.3,278280.9,Pune,India,DEV0247,5085368663266346,Mastercard
CUST000248,Krisha,Sami,Other,64,Chennai,Tamil Nadu,India,732902.48,Regular,2019-09-26,68,14658.05,58632.2,Chennai,India,DEV0248,5463122417974970,Visa
CUST000249,Max,Bhavsar,Male,29,Delhi,Delhi,India,1577458.1,Corporate,2021-03-23,87,157745.81,473237.43,Delhi,India,DEV0249,5144270312073568,RuPay
CUST000250,Jagrati,Brar,Female,59,London,England,United Kingdom,798305.09,Regular,2019-09-19,13,15966.1,63864.41,London,United Kingdom,DEV0250,5204618723460132,Mastercard
CUST000251,Gaurangi,Deep,Other,28,Delhi,Delhi,India,727959.81,Regular,2025-09-13,28,14559.2,58236.78,Delhi,India,DEV0251,4183764520881472,RuPay
CUST000252,Gaurang,Ghosh,Male,21,Hyderabad,Telangana,India,2325880.43,Corporate,2022-11-08,41,232588.04,697764.13,Hyderabad,India,DEV0252,5650249163009791,Visa
CUST000253,Tanish,Acharya,Male,50,Bengaluru,Karnataka,India,695864.02,Regular,2024-05-13,66,13917.28,55669.12,Bengaluru,India,DEV0253,4500528127358579,Amex
CUST000254,Omaja,Apte,Female,57,Bengaluru,Karnataka,India,275667.55,Regular,2018-12-20,17,5513.35,22053.4,Bengaluru,India,DEV0254,4784873928557491,Visa
CUST000255,Amaira,Chand,Other,32,Bengaluru,Karnataka,India,782622.06,Regular,2025-10-31,30,15652.44,62609.76,Bengaluru,India,DEV0255,5857086209593513,Mastercard
CUST000256,Lajita,Badami,Other,37,Ahmedabad,Gujarat,India,1146610.42,Gold,2022-03-31,48,57330.52,171991.56,Ahmedabad,India,DEV0256,4456511810220311,Visa
CUST000257,Jai,Banik,Male,61,Pune,Maharashtra,India,1741314.18,Gold,2019-02-23,42,87065.71,261197.13,Pune,India,DEV0257,5940539103717053,RuPay
CUST000258,Rachana,Manne,Other,74,Delhi,Delhi,India,3961985.99,Platinum,2024-11-26,28,316958.88,871636.92,Delhi,India,DEV0258,4014138113863385,Amex
CUST000259,Leena,Nair,Other,63,Mumbai,Maharashtra,India,1822501.85,Gold,2026-02-09,32,91125.09,273375.28,Mumbai,India,DEV0259,5761228685289758,RuPay
CUST000260,Ekta,Kari,Female,51,New York,New York,United States,4278980.06,Platinum,2022-01-24,10,342318.4,941375.61,New York,United States,DEV0260,4398368457760048,Mastercard
CUST000261,Zilmil,Ganesh,Female,35,Delhi,Delhi,India,394226.36,Regular,2023-08-14,30,7884.53,31538.11,Delhi,India,DEV0261,5504888992107520,RuPay
CUST000262,Bina,Bansal,Other,72,Hyderabad,Telangana,India,777198.25,Regular,2024-04-20,30,15543.97,62175.86,Hyderabad,India,DEV0262,5196931572791943,Visa
CUST000263,Guneet,Datta,Male,38,Kolkata,West Bengal,India,781142.11,Regular,2018-11-19,39,15622.84,62491.37,Kolkata,India,DEV0263,4613906048058920,Mastercard
CUST000264,Finn,Sur,Male,53,Pune,Maharashtra,India,4134940.71,Corporate,2019-01-04,25,413494.07,1240482.21,Pune,India,DEV0264,5981364622517904,RuPay
CUST000265,Ekapad,Saini,Male,67,Pune,Maharashtra,India,752986.34,Regular,2023-08-17,43,15059.73,60238.91,Pune,India,DEV0265,5227837693898331,Amex
CUST000266,Mahika,Luthra,Female,25,Mumbai,Maharashtra,India,518828.33,Regular,2018-11-12,53,10376.57,41506.27,Mumbai,India,DEV0266,4553559042597929,Mastercard
CUST000267,Naveen,Maharaj,Male,59,Kolkata,West Bengal,India,723516.39,Regular,2020-04-23,37,14470.33,57881.31,Kolkata,India,DEV0267,4110392405147709,Mastercard
CUST000268,Orinder,Murty,Male,18,Chennai,Tamil Nadu,India,654977.3,Regular,2021-10-02,41,13099.55,52398.18,Chennai,India,DEV0268,4206980420439406,Visa
CUST000269,Prisha,Deo,Female,54,Chennai,Tamil Nadu,India,2360590.05,Gold,2022-03-11,35,118029.5,354088.51,Chennai,India,DEV0269,4510463681579814,Amex
CUST000270,Mohini,Chacko,Other,55,London,England,United Kingdom,849475.58,Regular,2023-09-29,35,16989.51,67958.05,London,United Kingdom,DEV0270,5457620555438404,Visa
CUST000271,Forum,Balakrishnan,Other,54,Chennai,Tamil Nadu,India,472161.0,Regular,2019-04-03,22,9443.22,37772.88,Chennai,India,DEV0271,5621689363926492,Mastercard
CUST000272,Anthony,Wason,Male,55,Bengaluru,Karnataka,India,694631.61,Regular,2021-09-10,40,13892.63,55570.53,Bengaluru,India,DEV0272,5324826292518811,Mastercard
CUST000273,Ekanta,Dey,Other,45,Delhi,Delhi,India,2308211.04,Gold,2024-04-22,33,115410.55,346231.66,Delhi,India,DEV0273,4664742312209947,Mastercard
CUST000274,Mason,Shukla,Male,41,Delhi,Delhi,India,697291.84,Regular,2020-09-02,72,13945.84,55783.35,Delhi,India,DEV0274,5728975267722335,Visa
CUST000275,Lakshmi,Mohan,Female,37,Pune,Maharashtra,India,686370.41,Regular,2019-04-11,63,13727.41,54909.63,Pune,India,DEV0275,5331279757366092,Amex
CUST000276,Widisha,Khanna,Other,51,Delhi,Delhi,India,543546.24,Regular,2026-03-17,41,10870.92,43483.7,Delhi,India,DEV0276,5038860868034763,Amex
CUST000277,Frederick,Uppal,Male,33,Pune,Maharashtra,India,847371.33,Regular,2022-05-14,21,16947.43,67789.71,Pune,India,DEV0277,4827718129826656,Mastercard
CUST000278,Sai,Prashad,Female,24,Hyderabad,Telangana,India,2995988.14,Platinum,2023-04-28,14,239679.05,659117.39,Hyderabad,India,DEV0278,5521117518689269,Visa
CUST000279,Elijah,Rajan,Male,49,Kolkata,West Bengal,India,678694.72,Regular,2020-09-24,56,13573.89,54295.58,Kolkata,India,DEV0279,5222206447421234,Visa
CUST000280,Divya,Kakar,Female,57,New York,New York,United States,5489256.38,Platinum,2025-01-20,39,439140.51,1207636.4,New York,United States,DEV0280,5097339776719901,Mastercard
CUST000281,Amol,Prasad,Male,72,Bengaluru,Karnataka,India,674629.97,Regular,2023-01-07,43,13492.6,53970.4,Bengaluru,India,DEV0281,4020994510162246,Amex
CUST000282,Vedhika,Mand,Other,32,Kolkata,West Bengal,India,1825942.01,Corporate,2022-10-11,5,182594.2,547782.6,Kolkata,India,DEV0282,5455616814721456,Mastercard
CUST000283,Tanmayi,Soman,Other,18,Hyderabad,Telangana,India,1074883.58,Gold,2020-07-10,51,53744.18,161232.54,Hyderabad,India,DEV0283,5817946954899528,Amex
CUST000284,Nirja,Purohit,Female,33,Bengaluru,Karnataka,India,3779969.02,Platinum,2020-11-11,43,302397.52,831593.18,Bengaluru,India,DEV0284,4430107139660558,Visa
CUST000285,Aachal,Ravi,Other,63,Hyderabad,Telangana,India,1307068.04,Gold,2022-10-03,15,65353.4,196060.21,Hyderabad,India,DEV0285,4144885015569904,RuPay
CUST000286,Amara,Deep,Female,64,Ahmedabad,Gujarat,India,4290390.34,Corporate,2021-03-03,26,429039.03,1287117.1,Ahmedabad,India,DEV0286,4272785760849587,Mastercard
CUST000287,Advika,Narayanan,Other,50,Kolkata,West Bengal,India,2320847.15,Gold,2022-04-04,39,116042.36,348127.07,Kolkata,India,DEV0287,5512405682996298,RuPay
CUST000288,Vamakshi,Pall,Other,42,Delhi,Delhi,India,306418.56,Regular,2020-11-04,35,6128.37,24513.48,Delhi,India,DEV0288,4357438421503173,Amex
CUST000289,Dipta,Swamy,Other,47,Bengaluru,Karnataka,India,850363.9,Regular,2022-12-30,29,17007.28,68029.11,Bengaluru,India,DEV0289,4845218230768105,Visa
CUST000290,Oviya,Ram,Female,28,New York,New York,United States,3067065.56,Platinum,2020-04-08,33,245365.24,674754.42,New York,United States,DEV0290,4409435334485715,Mastercard
CUST000291,Urmi,Patla,Female,43,Mumbai,Maharashtra,India,654914.23,Regular,2023-07-07,30,13098.28,52393.14,Mumbai,India,DEV0291,5813858542493214,Amex
CUST000292,Gunbir,Buch,Male,60,Bengaluru,Karnataka,India,837140.06,Regular,2019-05-21,37,16742.8,66971.21,Bengaluru,India,DEV0292,4016016629979542,Visa
CUST000293,Geetika,Samra,Female,70,Bengaluru,Karnataka,India,771527.82,Regular,2024-09-09,61,15430.56,61722.23,Bengaluru,India,DEV0293,5717477332945628,Amex
CUST000294,Inaya,Bains,Female,51,Delhi,Delhi,India,323376.59,Regular,2020-08-15,5,6467.53,25870.13,Delhi,India,DEV0294,5772459928161583,Amex
CUST000295,Unni,Dutt,Female,60,Pune,Maharashtra,India,408399.19,Regular,2023-12-03,30,8167.98,32671.94,Pune,India,DEV0295,5276153966958322,Visa
CUST000296,Chavvi,Gaba,Other,20,Ahmedabad,Gujarat,India,313475.04,Regular,2022-09-05,38,6269.5,25078.0,Ahmedabad,India,DEV0296,4724619196570135,Mastercard
CUST000297,Zilmil,Sridhar,Other,27,Bengaluru,Karnataka,India,439477.11,Regular,2019-07-29,40,8789.54,35158.17,Bengaluru,India,DEV0297,5997335494651906,Mastercard
CUST000298,Adya,Tara,Female,41,Delhi,Delhi,India,606775.34,Regular,2026-09-01,28,12135.51,48542.03,Delhi,India,DEV0298,5008514036965665,Mastercard
CUST000299,Krishna,Raman,Other,65,Bengaluru,Karnataka,India,372347.44,Regular,2026-06-25,5,7446.95,29787.8,Bengaluru,India,DEV0299,4656242201027621,Amex
CUST000300,Hemangini,Walla,Female,42,New York,New York,United States,1627030.97,Gold,2023-10-27,40,81351.55,244054.65,New York,United States,DEV0300,5687653269097380,RuPay
CUST000301,Timothy,Chana,Male,42,Delhi,Delhi,India,708173.65,Regular,2022-06-30,66,14163.47,56653.89,Delhi,India,DEV0301,4197128478189133,RuPay
CUST000302,Tanmayi,Nadkarni,Other,68,Delhi,Delhi,India,3372616.42,Corporate,2023-12-08,7,337261.64,1011784.92,Delhi,India,DEV0302,5077879565442090,Visa
CUST000303,Janaki,Banik,Other,44,Ahmedabad,Gujarat,India,622359.0,Regular,2020-02-16,50,12447.18,49788.72,Ahmedabad,India,DEV0303,5490471281442947,Visa
CUST000304,Aahana,Uppal,Other,64,Mumbai,Maharashtra,India,2356210.38,Gold,2022-07-27,29,117810.52,353431.56,Mumbai,India,DEV0304,5275243728051291,Amex
CUST000305,Riya,Sahni,Female,46,Hyderabad,Telangana,India,2061598.55,Gold,2024-11-18,33,103079.93,309239.78,Hyderabad,India,DEV0305,4239504102767473,Amex
CUST000306,Amaira,Garg,Other,19,Pune,Maharashtra,India,344347.39,Regular,2025-10-26,16,6886.95,27547.79,Pune,India,DEV0306,5604765801856942,RuPay
CUST000307,Bakhshi,Palla,Male,31,Chennai,Tamil Nadu,India,1525846.02,Gold,2020-08-11,28,76292.3,228876.9,Chennai,India,DEV0307,4393852580010619,Amex
CUST000308,Osha,Sodhi,Female,39,Hyderabad,Telangana,India,1303033.77,Gold,2019-08-25,58,65151.69,195455.07,Hyderabad,India,DEV0308,4009109391119268,Visa
CUST000309,Omya,Sinha,Other,27,Bengaluru,Karnataka,India,553521.13,Regular,2024-03-27,45,11070.42,44281.69,Bengaluru,India,DEV0309,5174654214066504,Mastercard
CUST000310,Tripti,Sarma,Female,42,London,England,United Kingdom,853581.09,Regular,2020-12-27,66,17071.62,68286.49,London,United Kingdom,DEV0310,4962712863917410,Visa
CUST000311,Zaitra,Nayar,Other,75,Chennai,Tamil Nadu,India,930023.67,Gold,2021-06-28,56,46501.18,139503.55,Chennai,India,DEV0311,5720064256908770,Visa
CUST000312,Damini,Bhatti,Other,68,Hyderabad,Telangana,India,870200.97,Regular,2024-06-23,42,17404.02,69616.08,Hyderabad,India,DEV0312,5719855460158510,Mastercard
CUST000313,Azad,Bera,Male,26,Delhi,Delhi,India,3812569.31,Corporate,2025-10-27,66,381256.93,1143770.79,Delhi,India,DEV0313,5461571732030938,Visa
CUST000314,Anusha,Batra,Other,46,Chennai,Tamil Nadu,India,877220.0,Regular,2023-01-13,42,17544.4,70177.6,Chennai,India,DEV0314,4700505061387827,Visa
CUST000315,Timothy,Mall,Male,47,Bengaluru,Karnataka,India,262390.95,Regular,2018-12-12,49,5247.82,20991.28,Bengaluru,India,DEV0315,4903202041792913,Amex
CUST000316,Tanmayi,Bhandari,Other,24,Hyderabad,Telangana,India,381716.74,Regular,2021-09-17,29,7634.33,30537.34,Hyderabad,India,DEV0316,5565198253092511,Mastercard
CUST000317,Udyati,Oommen,Female,33,Bengaluru,Karnataka,India,1785452.37,Gold,2025-08-22,36,89272.62,267817.86,Bengaluru,India,DEV0317,4739021962071009,RuPay
CUST000318,Advika,Srinivas,Female,18,Ahmedabad,Gujarat,India,1229856.35,Gold,2021-02-28,22,61492.82,184478.45,Ahmedabad,India,DEV0318,5487632909279140,Visa
CUST000319,Vrinda,Desai,Other,35,Hyderabad,Telangana,India,891292.29,Regular,2020-01-20,52,17825.85,71303.38,Hyderabad,India,DEV0319,4195883734031272,Mastercard
CUST000320,Sudiksha,Chaudhary,Other,40,London,England,United Kingdom,486725.49,Regular,2024-02-28,13,9734.51,38938.04,London,United Kingdom,DEV0320,4364597010822073,Visa
CUST000321,Chatura,Gara,Male,36,Ahmedabad,Gujarat,India,461882.0,Regular,2024-05-09,49,9237.64,36950.56,Ahmedabad,India,DEV0321,5353153136363177,Visa
CUST000322,Pallavi,Parsa,Female,63,Bengaluru,Karnataka,India,646131.81,Regular,2021-06-07,31,12922.64,51690.54,Bengaluru,India,DEV0322,4265273543520906,Visa
CUST000323,Damyanti,Madan,Female,43,Ahmedabad,Gujarat,India,744220.73,Regular,2022-12-30,56,14884.41,59537.66,Ahmedabad,India,DEV0323,5349292983168730,Amex
CUST000324,Vyanjana,Rege,Female,56,Delhi,Delhi,India,2077886.17,Gold,2021-07-04,48,103894.31,311682.93,Delhi,India,DEV0324,4335693929060078,Amex
CUST000325,Aadhya,Golla,Other,63,Pune,Maharashtra,India,768711.38,Regular,2019-10-07,67,15374.23,61496.91,Pune,India,DEV0325,5177318063254312,RuPay
CUST000326,Chatura,Amble,Male,44,Ahmedabad,Gujarat,India,6610076.83,Platinum,2020-02-10,48,528806.15,1454216.9,Ahmedabad,India,DEV0326,5077262570165802,RuPay
CUST000327,Priya,Singhal,Other,75,Hyderabad,Telangana,India,1029534.47,Gold,2020-01-25,6,51476.72,154430.17,Hyderabad,India,DEV0327,4508501657905522,Mastercard
CUST000328,Jason,Zachariah,Male,65,Kolkata,West Bengal,India,323812.49,Regular,2024-11-01,33,6476.25,25905.0,Kolkata,India,DEV0328,5793355486401556,Visa
CUST000329,Indira,Thakur,Female,65,Chennai,Tamil Nadu,India,489294.8,Regular,2023-01-06,13,9785.9,39143.58,Chennai,India,DEV0329,4137116241124124,Mastercard
CUST000330,Zaitra,Hayre,Other,54,London,England,United Kingdom,880223.49,Regular,2023-04-11,25,17604.47,70417.88,London,United Kingdom,DEV0330,5827567043103850,RuPay
CUST000331,Ijaya,Sami,Female,62,Ahmedabad,Gujarat,India,618713.58,Regular,2025-07-01,62,12374.27,49497.09,Ahmedabad,India,DEV0331,5424375402547299,Mastercard
CUST000332,Guneet,Pingle,Male,24,Bengaluru,Karnataka,India,325996.27,Regular,2024-07-20,46,6519.93,26079.7,Bengaluru,India,DEV0332,4592745238055253,RuPay
CUST000333,Yatan,Pall,Male,54,Delhi,Delhi,India,574621.0,Regular,2021-09-25,22,11492.42,45969.68,Delhi,India,DEV0333,5275208854749296,Visa
CUST000334,Kavya,Peri,Other,46,Ahmedabad,Gujarat,India,1987981.53,Corporate,2020-05-15,16,198798.15,596394.46,Ahmedabad,India,DEV0334,4814069375150930,RuPay
CUST000335,Agastya,Thakur,Male,19,Delhi,Delhi,India,802143.4,Regular,2026-05-17,35,16042.87,64171.47,Delhi,India,DEV0335,5186375998056267,RuPay
CUST000336,Ishwar,Ganguly,Male,62,Chennai,Tamil Nadu,India,450255.47,Regular,2020-03-05,13,9005.11,36020.44,Chennai,India,DEV0336,4781376742662995,Mastercard
CUST000337,Januja,Varkey,Female,72,Ahmedabad,Gujarat,India,3338553.66,Corporate,2020-05-13,22,333855.37,1001566.1,Ahmedabad,India,DEV0337,4519610646287920,Amex
CUST000338,Lekha,Tata,Female,39,Ahmedabad,Gujarat,India,787061.4,Regular,2019-06-22,40,15741.23,62964.91,Ahmedabad,India,DEV0338,4947873002447143,Amex
CUST000339,Nandini,Gole,Other,18,Hyderabad,Telangana,India,747066.93,Regular,2024-09-03,55,14941.34,59765.35,Hyderabad,India,DEV0339,5719597964715896,Mastercard
CUST000340,Libni,Chana,Other,75,London,England,United Kingdom,549678.58,Regular,2020-09-08,45,10993.57,43974.29,London,United Kingdom,DEV0340,4252045650448182,Visa
CUST000341,Idika,Wali,Other,73,Bengaluru,Karnataka,India,817088.04,Regular,2025-02-03,5,16341.76,65367.04,Bengaluru,India,DEV0341,5445189520284571,Mastercard
CUST000342,Samaksh,Dhillon,Male,47,Hyderabad,Telangana,India,393723.78,Regular,2025-04-25,40,7874.48,31497.9,Hyderabad,India,DEV0342,5389888167112074,RuPay
CUST000343,Ishwar,Kaur,Male,52,Ahmedabad,Gujarat,India,5787067.52,Platinum,2020-02-27,36,462965.4,1273154.85,Ahmedabad,India,DEV0343,4524013223423212,Visa
CUST000344,Chandresh,Barad,Male,71,Ahmedabad,Gujarat,India,968027.11,Gold,2024-07-12,42,48401.36,145204.07,Ahmedabad,India,DEV0344,4108907140140113,Mastercard
CUST000345,Rachit,Narang,Male,71,Kolkata,West Bengal,India,344612.04,Regular,2020-09-17,64,6892.24,27568.96,Kolkata,India,DEV0345,4495528938911901,Mastercard
CUST000346,Udyati,Panchal,Female,53,Bengaluru,Karnataka,India,3379942.71,Corporate,2025-04-21,5,337994.27,1013982.81,Bengaluru,India,DEV0346,4138759271256639,Amex
CUST000347,Girindra,Mangal,Male,73,Kolkata,West Bengal,India,321705.5,Regular,2019-02-24,24,6434.11,25736.44,Kolkata,India,DEV0347,5275480157164798,Mastercard
CUST000348,Jhalak,Suresh,Other,35,Pune,Maharashtra,India,805987.68,Regular,2020-01-06,45,16119.75,64479.01,Pune,India,DEV0348,5317520716781126,Visa
CUST000349,Pahal,Ratta,Other,70,Bengaluru,Karnataka,India,883884.87,Regular,2020-06-13,6,17677.7,70710.79,Bengaluru,India,DEV0349,5539613674994653,Amex
CUST000350,Amruta,Kari,Other,53,Singapore,Singapore,Singapore,545512.58,Regular,2025-11-14,61,10910.25,43641.01,Singapore,Singapore,DEV0350,5147732010170262,Mastercard
CUST000351,Krishna,Luthra,Female,66,Mumbai,Maharashtra,India,1957728.97,Gold,2022-12-11,41,97886.45,293659.35,Mumbai,India,DEV0351,5877347784858803,Visa
CUST000352,Amaira,Khosla,Female,28,Ahmedabad,Gujarat,India,494618.77,Regular,2020-03-07,50,9892.38,39569.5,Ahmedabad,India,DEV0352,5700284276246711,Amex
CUST000353,Varsha,Morar,Female,65,Bengaluru,Karnataka,India,504400.13,Regular,2025-08-22,24,10088.0,40352.01,Bengaluru,India,DEV0353,4796954500902557,RuPay
CUST000354,Janya,Banik,Female,23,Mumbai,Maharashtra,India,894764.59,Regular,2024-09-09,49,17895.29,71581.17,Mumbai,India,DEV0354,5650333491141523,Visa
CUST000355,Janaki,Prabhu,Female,72,Pune,Maharashtra,India,835916.4,Regular,2025-08-11,54,16718.33,66873.31,Pune,India,DEV0355,5407905696591712,Amex
CUST000356,Bhavini,Rastogi,Other,71,Kolkata,West Bengal,India,444688.58,Regular,2021-03-08,39,8893.77,35575.09,Kolkata,India,DEV0356,4637183440496398,RuPay
CUST000357,Prisha,Shankar,Female,52,Mumbai,Maharashtra,India,595191.38,Regular,2020-03-14,39,11903.83,47615.31,Mumbai,India,DEV0357,5635148468536646,Mastercard
CUST000358,Om,Ray,Male,35,Bengaluru,Karnataka,India,388419.32,Regular,2021-08-27,39,7768.39,31073.55,Bengaluru,India,DEV0358,5748969083572324,Amex
CUST000359,Aarna,Talwar,Female,62,Mumbai,Maharashtra,India,2253547.17,Gold,2025-01-16,19,112677.36,338032.08,Mumbai,India,DEV0359,5442493631230347,Amex
CUST000360,Reva,Nagi,Female,26,London,England,United Kingdom,427262.78,Regular,2024-03-11,32,8545.26,34181.02,London,United Kingdom,DEV0360,5044820700159416,Visa
CUST000361,Darika,Dayal,Female,39,Bengaluru,Karnataka,India,621132.7,Regular,2019-05-27,32,12422.65,49690.62,Bengaluru,India,DEV0361,4818984713915593,Amex
CUST000362,Hritik,Thaker,Male,38,Bengaluru,Karnataka,India,389170.61,Regular,2019-07-02,41,7783.41,31133.65,Bengaluru,India,DEV0362,5476490785158670,Mastercard
CUST000363,Jalsa,Grewal,Female,48,Ahmedabad,Gujarat,India,2214184.59,Gold,2025-11-20,52,110709.23,332127.69,Ahmedabad,India,DEV0363,4090034864518378,Amex
CUST000364,Jeevika,Golla,Female,75,Chennai,Tamil Nadu,India,784760.02,Regular,2019-01-02,15,15695.2,62780.8,Chennai,India,DEV0364,4343275604177656,Mastercard
CUST000365,Jalsa,Vyas,Other,20,Chennai,Tamil Nadu,India,478706.63,Regular,2025-07-08,32,9574.13,38296.53,Chennai,India,DEV0365,4985700272063457,Visa
CUST000366,Onkar,Narula,Male,52,Hyderabad,Telangana,India,880281.98,Regular,2025-11-17,61,17605.64,70422.56,Hyderabad,India,DEV0366,5296577242954319,Mastercard
CUST000367,Sai,Anne,Female,35,Pune,Maharashtra,India,4595195.01,Corporate,2020-01-25,21,459519.5,1378558.5,Pune,India,DEV0367,5300893173420694,Mastercard
CUST000368,Vincent,Ratta,Male,73,Kolkata,West Bengal,India,618707.88,Regular,2020-12-26,20,12374.16,49496.63,Kolkata,India,DEV0368,4086771333447623,Mastercard
CUST000369,Arunima,Joshi,Female,24,Hyderabad,Telangana,India,515540.67,Regular,2025-06-04,38,10310.81,41243.25,Hyderabad,India,DEV0369,5204439735971073,Amex
CUST000370,Bishakha,Sachdeva,Other,24,Dubai,Dubai,UAE,2033525.07,Gold,2023-10-02,50,101676.25,305028.76,Dubai,UAE,DEV0370,5941180053759905,Amex
CUST000371,Devika,Mahal,Female,70,Pune,Maharashtra,India,1111581.21,Gold,2026-03-07,35,55579.06,166737.18,Pune,India,DEV0371,4809242875721582,RuPay
CUST000372,Jai,Chaudhary,Male,46,Kolkata,West Bengal,India,333116.47,Regular,2021-07-09,58,6662.33,26649.32,Kolkata,India,DEV0372,5456449485625729,Visa
CUST000373,Imaran,Sur,Male,41,Bengaluru,Karnataka,India,369041.86,Regular,2019-12-23,50,7380.84,29523.35,Bengaluru,India,DEV0373,4742761707587771,Visa
CUST000374,Yashvi,Gola,Female,48,Mumbai,Maharashtra,India,434675.69,Regular,2025-09-19,50,8693.51,34774.06,Mumbai,India,DEV0374,4284993908926135,RuPay
CUST000375,Advik,Kannan,Male,65,Chennai,Tamil Nadu,India,1989023.06,Gold,2026-03-20,44,99451.15,298353.46,Chennai,India,DEV0375,4659152017774904,Amex
CUST000376,Jasmit,Sharma,Female,71,Bengaluru,Karnataka,India,281643.46,Regular,2022-01-17,76,5632.87,22531.48,Bengaluru,India,DEV0376,4450189616423614,Mastercard
CUST000377,Tara,Buch,Female,36,Pune,Maharashtra,India,739163.07,Regular,2026-03-31,31,14783.26,59133.05,Pune,India,DEV0377,5214764925158373,Amex
CUST000378,Diya,Narula,Female,64,Pune,Maharashtra,India,524648.63,Regular,2025-04-30,5,10492.97,41971.89,Pune,India,DEV0378,4592661085732785,RuPay
CUST000379,Vrinda,Thaker,Female,46,Pune,Maharashtra,India,771004.05,Regular,2020-05-10,63,15420.08,61680.32,Pune,India,DEV0379,5422438649081081,Amex
CUST000380,Jagdish,Sawhney,Male,72,New York,New York,United States,1809565.14,Gold,2023-09-19,26,90478.26,271434.77,New York,United States,DEV0380,5454918017226016,RuPay
CUST000381,Tara,Sengupta,Other,71,Ahmedabad,Gujarat,India,1619916.65,Gold,2025-04-05,36,80995.83,242987.5,Ahmedabad,India,DEV0381,4452321941680067,Mastercard
CUST000382,Yoshita,Soman,Other,44,Ahmedabad,Gujarat,India,513309.54,Regular,2024-05-30,58,10266.19,41064.76,Ahmedabad,India,DEV0382,4974995641220317,Visa
CUST000383,Parth,Rana,Male,48,Ahmedabad,Gujarat,India,1939583.72,Gold,2021-07-03,6,96979.19,290937.56,Ahmedabad,India,DEV0383,5683147276012273,Visa
CUST000384,Eshana,Bose,Female,45,Hyderabad,Telangana,India,620129.8,Regular,2018-11-19,12,12402.6,49610.38,Hyderabad,India,DEV0384,5605016679984077,Amex
CUST000385,Zashil,Shetty,Male,27,Delhi,Delhi,India,524302.96,Regular,2019-07-03,6,10486.06,41944.24,Delhi,India,DEV0385,4581467179576025,Amex
CUST000386,Gaurika,Bath,Female,51,Ahmedabad,Gujarat,India,392806.52,Regular,2019-03-24,20,7856.13,31424.52,Ahmedabad,India,DEV0386,4597246657293419,Mastercard
CUST000387,Anmol,Bail,Male,20,Bengaluru,Karnataka,India,1061445.96,Gold,2024-07-16,42,53072.3,159216.89,Bengaluru,India,DEV0387,4674338005452281,RuPay
CUST000388,Lopa,Agarwal,Female,22,Mumbai,Maharashtra,India,1093100.85,Gold,2021-09-22,44,54655.04,163965.13,Mumbai,India,DEV0388,4374550842891079,Visa
CUST000389,Vidhi,Sampath,Other,26,Mumbai,Maharashtra,India,2730831.9,Platinum,2019-06-25,39,218466.55,600783.02,Mumbai,India,DEV0389,4121352478712555,Mastercard
CUST000390,Mohini,Kapadia,Female,23,New York,New York,United States,910540.12,Gold,2024-11-12,9,45527.01,136581.02,New York,United States,DEV0390,4754821456532863,Amex
CUST000391,Sachi,Sekhon,Female,27,Pune,Maharashtra,India,7735122.98,Platinum,2019-12-26,5,618809.84,1701727.05,Pune,India,DEV0391,5850720811556260,Visa
CUST000392,Yashoda,Master,Other,51,Bengaluru,Karnataka,India,1702334.4,Corporate,2023-07-06,35,170233.44,510700.32,Bengaluru,India,DEV0392,4846684550489269,Amex
CUST000393,Hemani,Palan,Other,39,Kolkata,West Bengal,India,6798597.01,Platinum,2025-02-23,26,543887.76,1495691.34,Kolkata,India,DEV0393,5634108562884315,RuPay
CUST000394,Yasti,Soni,Other,19,Bengaluru,Karnataka,India,828707.57,Regular,2021-05-17,43,16574.15,66296.61,Bengaluru,India,DEV0394,4894346810548514,Amex
CUST000395,Arunima,Trivedi,Female,39,Delhi,Delhi,India,888917.87,Regular,2024-05-06,47,17778.36,71113.43,Delhi,India,DEV0395,4998935449268310,RuPay
CUST000396,Niharika,Dyal,Female,32,Mumbai,Maharashtra,India,526699.89,Regular,2023-10-13,37,10534.0,42135.99,Mumbai,India,DEV0396,5611062737158699,RuPay
CUST000397,Kala,Krishna,Other,36,Ahmedabad,Gujarat,India,2494418.84,Gold,2023-10-30,48,124720.94,374162.83,Ahmedabad,India,DEV0397,4762282772881375,Mastercard
CUST000398,Falguni,Dutt,Other,72,Kolkata,West Bengal,India,1915681.21,Corporate,2021-06-27,39,191568.12,574704.36,Kolkata,India,DEV0398,5611594082154548,Visa
CUST000399,Mason,Kaul,Male,54,Bengaluru,Karnataka,India,1574811.15,Gold,2019-08-21,44,78740.56,236221.67,Bengaluru,India,DEV0399,5443270185106798,RuPay
CUST000400,Irya,Sharma,Female,39,New York,New York,United States,7085259.06,Platinum,2018-11-13,22,566820.72,1558756.99,New York,United States,DEV0400,5228777251996632,Visa
CUST000401,Mekhala,Varughese,Other,48,Ahmedabad,Gujarat,India,1933466.45,Gold,2024-09-20,31,96673.32,290019.97,Ahmedabad,India,DEV0401,4209481813989093,Amex
CUST000402,Kashish,Varughese,Other,45,Delhi,Delhi,India,858518.18,Regular,2026-08-30,38,17170.36,68681.45,Delhi,India,DEV0402,4204339718956908,RuPay
CUST000403,Leela,Bassi,Female,73,Bengaluru,Karnataka,India,808771.47,Regular,2018-09-30,49,16175.43,64701.72,Bengaluru,India,DEV0403,5564111824224125,Mastercard
CUST000404,Mason,Bose,Male,71,Kolkata,West Bengal,India,713645.41,Regular,2023-06-22,27,14272.91,57091.63,Kolkata,India,DEV0404,4461526546103398,Amex
CUST000405,Damini,Basu,Other,19,Pune,Maharashtra,India,2442506.34,Corporate,2021-07-23,44,244250.63,732751.9,Pune,India,DEV0405,4578617063048918,RuPay
CUST000406,Pushti,Saini,Other,34,Pune,Maharashtra,India,800080.6,Regular,2021-03-12,30,16001.61,64006.45,Pune,India,DEV0406,5832582386870070,Mastercard
CUST000407,Manbir,Prabhakar,Male,62,Delhi,Delhi,India,3187651.91,Corporate,2025-06-21,32,318765.19,956295.57,Delhi,India,DEV0407,5946539840289144,Visa
CUST000408,Rudra,Rajagopalan,Male,27,Chennai,Tamil Nadu,India,3659675.97,Platinum,2025-03-18,49,292774.08,805128.71,Chennai,India,DEV0408,4855474355379500,Amex
CUST000409,Ishwar,Shetty,Male,31,Delhi,Delhi,India,1561060.85,Gold,2023-04-25,5,78053.04,234159.13,Delhi,India,DEV0409,4768118071569564,Visa
CUST000410,Upasna,Sandal,Female,48,Singapore,Singapore,Singapore,3056021.8,Corporate,2020-12-24,11,305602.18,916806.54,Singapore,Singapore,DEV0410,4304531943375044,Visa
CUST000411,Jonathan,Balan,Male,54,Pune,Maharashtra,India,430275.91,Regular,2022-01-21,8,8605.52,34422.07,Pune,India,DEV0411,4872839992192127,RuPay
CUST000412,Charan,Sodhi,Male,75,Delhi,Delhi,India,3925450.35,Corporate,2020-07-06,5,392545.04,1177635.11,Delhi,India,DEV0412,5894870605664181,RuPay
CUST000413,Chaaya,Menon,Other,72,Delhi,Delhi,India,3735015.13,Platinum,2025-09-14,22,298801.21,821703.33,Delhi,India,DEV0413,4468750635190368,Mastercard
CUST000414,Patrick,Kumer,Male,55,Kolkata,West Bengal,India,656896.55,Regular,2020-06-24,48,13137.93,52551.72,Kolkata,India,DEV0414,4107609543173503,Visa
CUST000415,Alka,Iyer,Other,39,Ahmedabad,Gujarat,India,1900558.01,Gold,2022-12-10,29,95027.9,285083.7,Ahmedabad,India,DEV0415,4911006512070490,Visa
CUST000416,Sachi,Kaul,Other,28,Delhi,Delhi,India,441695.9,Regular,2022-07-22,38,8833.92,35335.67,Delhi,India,DEV0416,4661963990767693,RuPay
CUST000417,Indali,Sur,Other,21,Delhi,Delhi,India,463325.88,Regular,2020-08-20,54,9266.52,37066.07,Delhi,India,DEV0417,5311091939284565,Mastercard
CUST000418,Daniel,Shan,Male,44,Bengaluru,Karnataka,India,996785.89,Gold,2021-03-03,58,49839.29,149517.88,Bengaluru,India,DEV0418,5496854982274956,Visa
CUST000419,Kritika,Dayal,Other,68,Bengaluru,Karnataka,India,579620.11,Regular,2021-08-24,33,11592.4,46369.61,Bengaluru,India,DEV0419,5806533315377954,RuPay
CUST000420,Aarna,Chaudry,Female,49,Singapore,Singapore,Singapore,545296.36,Regular,2021-06-04,59,10905.93,43623.71,Singapore,Singapore,DEV0420,4073033793375635,Visa
CUST000421,Kamya,Puri,Female,60,Delhi,Delhi,India,269511.43,Regular,2025-12-18,36,5390.23,21560.91,Delhi,India,DEV0421,4124739500334231,RuPay
CUST000422,Bhavna,Nair,Other,41,Hyderabad,Telangana,India,263969.82,Regular,2024-12-10,19,5279.4,21117.59,Hyderabad,India,DEV0422,5410261534735527,Visa
CUST000423,Advik,Narayan,Male,67,Bengaluru,Karnataka,India,3219370.74,Platinum,2022-09-29,24,257549.66,708261.56,Bengaluru,India,DEV0423,4338655963099385,RuPay
CUST000424,Praneel,Warrior,Male,51,Delhi,Delhi,India,1348117.29,Gold,2021-02-24,8,67405.86,202217.59,Delhi,India,DEV0424,5289731791286857,Mastercard
CUST000425,Daksha,Tank,Female,34,Kolkata,West Bengal,India,564143.09,Regular,2025-12-20,19,11282.86,45131.45,Kolkata,India,DEV0425,5774969033373638,Amex
CUST000426,Anita,Kamdar,Other,30,Bengaluru,Karnataka,India,2809375.74,Corporate,2023-03-24,28,280937.57,842812.72,Bengaluru,India,DEV0426,5812147853907897,Amex
CUST000427,Pavani,Ghose,Female,47,Pune,Maharashtra,India,772927.9,Regular,2024-08-06,49,15458.56,61834.23,Pune,India,DEV0427,4546027341514889,RuPay
CUST000428,Nicholas,Bhagat,Male,26,Mumbai,Maharashtra,India,484153.98,Regular,2020-04-01,65,9683.08,38732.32,Mumbai,India,DEV0428,5835354443928409,RuPay
CUST000429,Odika,Suri,Female,26,Pune,Maharashtra,India,6667933.41,Platinum,2019-03-17,10,533434.67,1466945.35,Pune,India,DEV0429,5078263337389876,Visa
CUST000430,Aishani,Muni,Female,18,Dubai,Dubai,UAE,862254.36,Regular,2025-10-07,42,17245.09,68980.35,Dubai,UAE,DEV0430,4637780529240759,Amex
CUST000431,Rachana,Sengupta,Female,25,Pune,Maharashtra,India,2004829.77,Gold,2024-11-21,16,100241.49,300724.47,Pune,India,DEV0431,4459090225999966,Amex
CUST000432,Daksh,Lad,Male,22,Pune,Maharashtra,India,320614.93,Regular,2024-06-02,43,6412.3,25649.19,Pune,India,DEV0432,5974121820970235,RuPay
CUST000433,Banjeet,Aurora,Male,75,Hyderabad,Telangana,India,590857.2,Regular,2019-06-26,32,11817.14,47268.58,Hyderabad,India,DEV0433,4705802566212861,Amex
CUST000434,Chandran,Garg,Male,66,Bengaluru,Karnataka,India,4203664.47,Platinum,2024-02-05,5,336293.16,924806.18,Bengaluru,India,DEV0434,5729949387430273,Mastercard
CUST000435,Pushti,Dewan,Other,29,Kolkata,West Bengal,India,4577337.87,Corporate,2022-02-04,51,457733.79,1373201.36,Kolkata,India,DEV0435,5779014754692637,Amex
CUST000436,Diya,Raja,Female,62,Bengaluru,Karnataka,India,1052854.67,Gold,2022-10-23,24,52642.73,157928.2,Bengaluru,India,DEV0436,5032484137681517,Amex
CUST000437,Nirja,Choudhry,Female,51,Bengaluru,Karnataka,India,578941.97,Regular,2020-05-16,25,11578.84,46315.36,Bengaluru,India,DEV0437,5701765636004126,Amex
CUST000438,Vedhika,Merchant,Female,38,Mumbai,Maharashtra,India,677064.69,Regular,2020-05-22,15,13541.29,54165.18,Mumbai,India,DEV0438,4727422091241869,Visa
CUST000439,Ishanvi,Sen,Other,26,Chennai,Tamil Nadu,India,482756.54,Regular,2025-11-20,23,9655.13,38620.52,Chennai,India,DEV0439,5308370816470905,Mastercard
CUST000440,Quincy,Sinha,Male,34,Singapore,Singapore,Singapore,2199949.92,Corporate,2019-12-24,42,219994.99,659984.98,Singapore,Singapore,DEV0440,5060053131220681,RuPay
CUST000441,Meera,Gandhi,Other,64,Hyderabad,Telangana,India,2394923.79,Gold,2022-12-24,31,119746.19,359238.57,Hyderabad,India,DEV0441,5661331552065060,Mastercard
CUST000442,Wridesh,Khurana,Male,46,Chennai,Tamil Nadu,India,1490367.94,Gold,2020-02-23,40,74518.4,223555.19,Chennai,India,DEV0442,4136497189241954,RuPay
CUST000443,Abdul,Sengupta,Male,75,Kolkata,West Bengal,India,3832297.06,Corporate,2024-02-07,41,383229.71,1149689.12,Kolkata,India,DEV0443,4150997683890304,RuPay
CUST000444,Samaksh,Tata,Male,34,Pune,Maharashtra,India,1891625.97,Gold,2022-03-23,58,94581.3,283743.89,Pune,India,DEV0444,5025743263039753,RuPay
CUST000445,Libni,Kumer,Other,67,Delhi,Delhi,India,885418.88,Regular,2026-05-22,28,17708.38,70833.51,Delhi,India,DEV0445,4403553380339680,Amex
CUST000446,Edhitha,Shankar,Other,34,Delhi,Delhi,India,569567.49,Regular,2021-08-08,8,11391.35,45565.4,Delhi,India,DEV0446,5302321298338162,Mastercard
CUST000447,Bhavya,Kalla,Other,73,Hyderabad,Telangana,India,364683.08,Regular,2023-07-09,54,7293.66,29174.65,Hyderabad,India,DEV0447,5344973471566278,Amex
CUST000448,Hardik,Dewan,Male,41,Ahmedabad,Gujarat,India,497922.55,Regular,2024-10-03,29,9958.45,39833.8,Ahmedabad,India,DEV0448,5149828246747463,Visa
CUST000449,Nikita,D’Alia,Female,73,Bengaluru,Karnataka,India,1213145.2,Gold,2026-03-09,55,60657.26,181971.78,Bengaluru,India,DEV0449,5300857666567499,Visa
CUST000450,Balveer,Mukhopadhyay,Male,39,New York,New York,United States,2068268.34,Corporate,2026-02-25,41,206826.83,620480.5,New York,United States,DEV0450,4645875066337050,RuPay
CUST000451,Anamika,Jhaveri,Other,42,Ahmedabad,Gujarat,India,2015785.86,Corporate,2026-06-12,32,201578.59,604735.76,Ahmedabad,India,DEV0451,5399201166918366,RuPay
CUST000452,Sanya,Hari,Other,71,Chennai,Tamil Nadu,India,596580.85,Regular,2025-06-21,41,11931.62,47726.47,Chennai,India,DEV0452,5694611952436404,Visa
CUST000453,Jeet,Mukhopadhyay,Male,27,Mumbai,Maharashtra,India,1568543.37,Gold,2026-08-28,70,78427.17,235281.51,Mumbai,India,DEV0453,4646225223728175,Mastercard
CUST000454,Aayush,Munshi,Male,52,Delhi,Delhi,India,2194685.8,Gold,2021-04-05,72,109734.29,329202.87,Delhi,India,DEV0454,4346791214161419,Mastercard
CUST000455,Anjali,Keer,Female,31,Ahmedabad,Gujarat,India,1061294.63,Gold,2026-05-23,36,53064.73,159194.19,Ahmedabad,India,DEV0455,5040901380698479,Amex
CUST000456,Anjali,Bahri,Female,43,Kolkata,West Bengal,India,1448923.92,Gold,2023-05-04,37,72446.2,217338.59,Kolkata,India,DEV0456,4535669055107624,RuPay
CUST000457,Chavvi,Upadhyay,Other,74,Hyderabad,Telangana,India,651928.6,Regular,2023-05-17,54,13038.57,52154.29,Hyderabad,India,DEV0457,4786305050573978,RuPay
CUST000458,Kashish,Saraf,Female,53,Ahmedabad,Gujarat,India,4499850.0,Corporate,2019-01-31,19,449985.0,1349955.0,Ahmedabad,India,DEV0458,5164932898027142,Mastercard
CUST000459,Maya,Kota,Female,52,Mumbai,Maharashtra,India,601434.14,Regular,2025-03-13,40,12028.68,48114.73,Mumbai,India,DEV0459,4332116025643479,Amex
CUST000460,Dominic,Dhawan,Male,58,Singapore,Singapore,Singapore,7624789.75,Platinum,2020-02-08,34,609983.18,1677453.75,Singapore,Singapore,DEV0460,5915668633414112,Mastercard
CUST000461,Ridhi,Saraf,Other,30,Mumbai,Maharashtra,India,332821.35,Regular,2020-06-22,40,6656.43,26625.71,Mumbai,India,DEV0461,4569040983665522,Visa
CUST000462,Bhavya,Bhasin,Female,25,Delhi,Delhi,India,549391.8,Regular,2020-03-14,19,10987.84,43951.34,Delhi,India,DEV0462,5243772942095480,Amex
CUST000463,Hiral,Nadkarni,Other,31,Hyderabad,Telangana,India,707691.31,Regular,2020-07-08,6,14153.83,56615.3,Hyderabad,India,DEV0463,5605233027642089,Amex
CUST000464,Odika,Madan,Other,71,Ahmedabad,Gujarat,India,4151999.65,Corporate,2018-10-19,5,415199.96,1245599.89,Ahmedabad,India,DEV0464,4618443861259049,Mastercard
CUST000465,Ekani,Basak,Female,45,Ahmedabad,Gujarat,India,344134.87,Regular,2026-08-14,14,6882.7,27530.79,Ahmedabad,India,DEV0465,4330591266201578,Visa
CUST000466,Odika,Sibal,Other,22,Kolkata,West Bengal,India,880322.53,Regular,2024-12-16,26,17606.45,70425.8,Kolkata,India,DEV0466,5630136749261761,RuPay
CUST000467,Krish,Nagi,Male,45,Mumbai,Maharashtra,India,329333.52,Regular,2023-02-09,29,6586.67,26346.68,Mumbai,India,DEV0467,4830999741926768,Visa
CUST000468,Varenya,Menon,Female,63,Mumbai,Maharashtra,India,2279536.78,Gold,2026-02-21,69,113976.84,341930.52,Mumbai,India,DEV0468,4826068887189818,Mastercard
CUST000469,Vamakshi,Kala,Other,36,Bengaluru,Karnataka,India,540701.37,Regular,2022-12-02,54,10814.03,43256.11,Bengaluru,India,DEV0469,5510293218401182,Mastercard
CUST000470,Idika,Desai,Female,54,London,England,United Kingdom,280008.07,Regular,2021-06-02,17,5600.16,22400.65,London,United Kingdom,DEV0470,4848729758598839,Mastercard
CUST000471,Aarnav,Chaudhuri,Male,45,Hyderabad,Telangana,India,806455.36,Regular,2022-08-15,41,16129.11,64516.43,Hyderabad,India,DEV0471,5329839542961842,Mastercard
CUST000472,Aashi,Kunda,Female,58,Ahmedabad,Gujarat,India,415216.61,Regular,2021-10-13,27,8304.33,33217.33,Ahmedabad,India,DEV0472,5628314359892620,Amex
CUST000473,Chakradev,Aggarwal,Male,50,Hyderabad,Telangana,India,331003.8,Regular,2025-02-11,29,6620.08,26480.3,Hyderabad,India,DEV0473,4186151554234013,Amex
CUST000474,Avi,Bajwa,Male,69,Mumbai,Maharashtra,India,723412.82,Regular,2024-01-24,38,14468.26,57873.03,Mumbai,India,DEV0474,5497185948491024,Mastercard
CUST000475,Neelima,Khosla,Female,43,Pune,Maharashtra,India,332921.93,Regular,2021-01-27,46,6658.44,26633.75,Pune,India,DEV0475,5082226940539678,RuPay
CUST000476,Tara,Dube,Female,38,Chennai,Tamil Nadu,India,528047.3,Regular,2020-11-07,28,10560.95,42243.78,Chennai,India,DEV0476,5341465111312900,Amex
CUST000477,Dev,Vig,Male,59,Pune,Maharashtra,India,2391906.27,Gold,2024-10-20,54,119595.31,358785.94,Pune,India,DEV0477,4277881609306851,Amex
CUST000478,Dominic,Sheth,Male,53,Hyderabad,Telangana,India,488583.11,Regular,2022-01-26,14,9771.66,39086.65,Hyderabad,India,DEV0478,5285067625153813,Amex
CUST000479,Radha,Swamy,Female,35,Chennai,Tamil Nadu,India,729716.72,Regular,2019-01-08,35,14594.33,58377.34,Chennai,India,DEV0479,5963480797050977,RuPay
CUST000480,Finn,Bali,Male,45,London,England,United Kingdom,719581.83,Regular,2020-08-10,81,14391.64,57566.55,London,United Kingdom,DEV0480,4650167318826176,RuPay
CUST000481,Frederick,Bains,Male,66,Ahmedabad,Gujarat,India,444535.22,Regular,2024-03-28,39,8890.7,35562.82,Ahmedabad,India,DEV0481,4628417722560538,RuPay
CUST000482,Kabir,Kakar,Male,58,Bengaluru,Karnataka,India,733550.59,Regular,2022-07-30,60,14671.01,58684.05,Bengaluru,India,DEV0482,4023741678725688,Visa
CUST000483,Patrick,Narasimhan,Male,53,Delhi,Delhi,India,473678.36,Regular,2025-05-10,36,9473.57,37894.27,Delhi,India,DEV0483,4030569067447168,Mastercard
CUST000484,Ranbir,Maharaj,Male,58,Chennai,Tamil Nadu,India,2282666.89,Gold,2024-08-10,45,114133.34,342400.03,Chennai,India,DEV0484,4363718923923124,RuPay
CUST000485,Ekansh,Brar,Male,19,Bengaluru,Karnataka,India,650703.78,Regular,2020-11-07,33,13014.08,52056.3,Bengaluru,India,DEV0485,5106684335670869,Visa
CUST000486,Zaitra,Yadav,Female,23,Kolkata,West Bengal,India,478165.93,Regular,2019-12-15,31,9563.32,38253.27,Kolkata,India,DEV0486,5635020005347498,Mastercard
CUST000487,Chameli,Wason,Female,26,Ahmedabad,Gujarat,India,447831.85,Regular,2021-08-15,20,8956.64,35826.55,Ahmedabad,India,DEV0487,5108255598953437,Visa
CUST000488,Owen,Natt,Male,44,Bengaluru,Karnataka,India,1862936.2,Gold,2021-09-03,42,93146.81,279440.43,Bengaluru,India,DEV0488,4093371189547389,Mastercard
CUST000489,Darsh,Bali,Male,56,Pune,Maharashtra,India,414141.58,Regular,2022-09-07,19,8282.83,33131.33,Pune,India,DEV0489,4855716176880298,RuPay
CUST000490,Parth,Kothari,Male,66,London,England,United Kingdom,2010085.33,Gold,2024-07-12,46,100504.27,301512.8,London,United Kingdom,DEV0490,4678812786866941,Visa
CUST000491,Balvan,Sani,Male,51,Hyderabad,Telangana,India,255759.86,Regular,2019-01-28,54,5115.2,20460.79,Hyderabad,India,DEV0491,4878844344812309,RuPay
CUST000492,Girik,Shere,Male,47,Bengaluru,Karnataka,India,2472147.76,Corporate,2020-05-08,41,247214.78,741644.33,Bengaluru,India,DEV0492,4240338105955183,Amex
CUST000493,Ishita,Trivedi,Other,21,Chennai,Tamil Nadu,India,287221.23,Regular,2025-03-07,29,5744.42,22977.7,Chennai,India,DEV0493,5053424089164980,Mastercard
CUST000494,Eta,Chakrabarti,Female,68,Chennai,Tamil Nadu,India,659370.43,Regular,2026-02-15,43,13187.41,52749.63,Chennai,India,DEV0494,5627365271727227,Mastercard
CUST000495,Rachita,Kara,Other,31,Chennai,Tamil Nadu,India,355897.12,Regular,2022-08-30,29,7117.94,28471.77,Chennai,India,DEV0495,4269312163761826,Amex
CUST000496,Meghana,Sathe,Female,74,Delhi,Delhi,India,258808.84,Regular,2019-12-02,51,5176.18,20704.71,Delhi,India,DEV0496,5023142900185139,Amex
CUST000497,Chakradev,Dalal,Male,66,Chennai,Tamil Nadu,India,350433.66,Regular,2024-11-20,5,7008.67,28034.69,Chennai,India,DEV0497,4084810018418623,Visa
CUST000498,Ansh,Guha,Male,58,Pune,Maharashtra,India,479651.44,Regular,2022-07-30,28,9593.03,38372.12,Pune,India,DEV0498,5436172131451956,Visa
CUST000499,Hardik,Rajagopalan,Male,45,Bengaluru,Karnataka,India,594812.42,Regular,2023-07-17,5,11896.25,47584.99,Bengaluru,India,DEV0499,4926249451475415,Mastercard
CUST000500,Omya,Chatterjee,Female,29,Dubai,Dubai,UAE,718873.25,Regular,2026-03-08,8,14377.47,57509.86,Dubai,UAE,DEV0500,5711964215226557,Amex
CUST000501,Irya,Chander,Other,64,Pune,Maharashtra,India,1918566.7,Gold,2021-03-04,59,95928.33,287785.0,Pune,India,DEV0501,5236687887883613,Mastercard
CUST000502,Ridhi,Dyal,Other,25,Mumbai,Maharashtra,India,251862.97,Regular,2022-10-12,51,5037.26,20149.04,Mumbai,India,DEV0502,4058721055247287,Mastercard
CUST000503,Joshua,Dash,Male,55,Delhi,Delhi,India,1087577.29,Gold,2022-09-02,22,54378.86,163136.59,Delhi,India,DEV0503,4260650191792026,Visa
CUST000504,Zayyan,Srinivas,Male,21,Mumbai,Maharashtra,India,790194.2,Regular,2021-11-25,7,15803.88,63215.54,Mumbai,India,DEV0504,4622728476570411,Visa
CUST000505,Eshana,Naik,Other,54,Bengaluru,Karnataka,India,257063.92,Regular,2025-01-27,5,5141.28,20565.11,Bengaluru,India,DEV0505,4678498436241860,Amex
CUST000506,Yashvi,Sandal,Other,45,Delhi,Delhi,India,369400.95,Regular,2024-09-11,25,7388.02,29552.08,Delhi,India,DEV0506,4891775662056341,Visa
CUST000507,Advika,Goel,Female,75,Kolkata,West Bengal,India,433434.51,Regular,2022-06-03,78,8668.69,34674.76,Kolkata,India,DEV0507,4811390438303411,Amex
CUST000508,Caleb,Suri,Male,61,Delhi,Delhi,India,863280.94,Regular,2022-09-18,42,17265.62,69062.48,Delhi,India,DEV0508,4054683565215689,Visa
CUST000509,Chavvi,Merchant,Other,44,Pune,Maharashtra,India,814728.03,Regular,2020-07-26,24,16294.56,65178.24,Pune,India,DEV0509,5042271133228898,Amex
CUST000510,Amol,Palan,Male,50,Singapore,Singapore,Singapore,655256.0,Regular,2022-04-21,43,13105.12,52420.48,Singapore,Singapore,DEV0510,4606339912971021,Amex
CUST000511,Tristan,Seth,Male,52,Ahmedabad,Gujarat,India,857136.38,Regular,2022-04-09,6,17142.73,68570.91,Ahmedabad,India,DEV0511,4214955112747474,Amex
CUST000512,Fariq,De,Male,64,Kolkata,West Bengal,India,4705165.68,Platinum,2019-04-19,29,376413.25,1035136.45,Kolkata,India,DEV0512,4927589551687403,Mastercard
CUST000513,Pahal,Mukhopadhyay,Other,44,Delhi,Delhi,India,318443.7,Regular,2024-11-09,36,6368.87,25475.5,Delhi,India,DEV0513,4629613671577878,Mastercard
CUST000514,Jasmit,Kale,Other,70,Mumbai,Maharashtra,India,4728717.62,Corporate,2026-08-21,33,472871.76,1418615.29,Mumbai,India,DEV0514,4636515597371476,Amex
CUST000515,Guneet,Butala,Male,29,Hyderabad,Telangana,India,270360.12,Regular,2022-06-22,49,5407.2,21628.81,Hyderabad,India,DEV0515,4960567303064427,Visa
CUST000516,Yamini,Ganesh,Female,51,Pune,Maharashtra,India,817954.33,Regular,2024-09-07,41,16359.09,65436.35,Pune,India,DEV0516,5768342016542354,Amex
CUST000517,Vinaya,Konda,Other,47,Bengaluru,Karnataka,India,3028743.95,Corporate,2019-09-03,47,302874.4,908623.19,Bengaluru,India,DEV0517,4960893199255021,Amex
CUST000518,Mohini,Pillai,Female,67,Mumbai,Maharashtra,India,1978312.5,Gold,2024-05-27,22,98915.62,296746.87,Mumbai,India,DEV0518,5480727910336827,Mastercard
CUST000519,Forum,Kohli,Female,40,Hyderabad,Telangana,India,4901105.77,Corporate,2019-06-11,51,490110.58,1470331.73,Hyderabad,India,DEV0519,5905504481776652,RuPay
CUST000520,Vihaan,Maharaj,Male,63,Dubai,Dubai,UAE,492528.97,Regular,2022-06-14,64,9850.58,39402.32,Dubai,UAE,DEV0520,5892866464911111,Visa
CUST000521,Pavani,Krishnan,Female,20,Mumbai,Maharashtra,India,1705378.43,Gold,2025-06-29,17,85268.92,255806.76,Mumbai,India,DEV0521,5046337861371570,Visa
CUST000522,Anjali,Varty,Female,51,Hyderabad,Telangana,India,423945.94,Regular,2019-02-26,19,8478.92,33915.68,Hyderabad,India,DEV0522,4446306000258957,Amex
CUST000523,Ronith,Palla,Male,56,Pune,Maharashtra,India,668882.33,Regular,2019-10-25,59,13377.65,53510.59,Pune,India,DEV0523,4096262658263120,Amex
CUST000524,Janani,Bala,Other,57,Chennai,Tamil Nadu,India,3374792.43,Platinum,2020-04-08,31,269983.39,742454.33,Chennai,India,DEV0524,4531106092098192,Mastercard
CUST000525,Mohini,Panchal,Female,35,Kolkata,West Bengal,India,674139.77,Regular,2020-02-16,60,13482.8,53931.18,Kolkata,India,DEV0525,5343836404120918,Visa
CUST000526,Gabriel,Zachariah,Male,37,Bengaluru,Karnataka,India,831493.11,Regular,2025-10-07,27,16629.86,66519.45,Bengaluru,India,DEV0526,5117536170617131,RuPay
CUST000527,Yashvi,Sahota,Other,18,Ahmedabad,Gujarat,India,3488935.4,Platinum,2026-06-02,61,279114.83,767565.79,Ahmedabad,India,DEV0527,5029901557998025,Visa
CUST000528,Laksh,Pillai,Male,41,Delhi,Delhi,India,586696.7,Regular,2020-10-05,37,11733.93,46935.74,Delhi,India,DEV0528,4235130523124478,RuPay
CUST000529,Tanmayi,Rajagopal,Other,71,Chennai,Tamil Nadu,India,775857.63,Regular,2026-02-27,39,15517.15,62068.61,Chennai,India,DEV0529,5686342346199426,Amex
CUST000530,Brinda,Kibe,Female,73,New York,New York,United States,426588.05,Regular,2026-01-14,63,8531.76,34127.04,New York,United States,DEV0530,5591966395517201,Amex
CUST000531,Chandani,Chad,Female,67,Kolkata,West Bengal,India,324522.47,Regular,2022-02-23,28,6490.45,25961.8,Kolkata,India,DEV0531,5562531355251051,Mastercard
CUST000532,Mugdha,Goel,Female,54,Kolkata,West Bengal,India,5589023.21,Platinum,2025-04-03,18,447121.86,1229585.11,Kolkata,India,DEV0532,5649383184919669,Mastercard
CUST000533,Reyansh,Purohit,Male,40,Delhi,Delhi,India,5242580.33,Platinum,2021-09-04,26,419406.43,1153367.67,Delhi,India,DEV0533,4461172959639044,Amex
CUST000534,Radha,Sachar,Female,32,Bengaluru,Karnataka,India,4715459.34,Platinum,2019-06-10,43,377236.75,1037401.06,Bengaluru,India,DEV0534,5880501716445561,Amex
CUST000535,Aachal,Muni,Other,18,Delhi,Delhi,India,702697.01,Regular,2025-02-21,6,14053.94,56215.76,Delhi,India,DEV0535,4771591030021562,Visa
CUST000536,Madhav,Mohanty,Male,54,Kolkata,West Bengal,India,5456571.03,Platinum,2024-03-29,46,436525.68,1200445.63,Kolkata,India,DEV0536,5004010414596428,Visa
CUST000537,Ranbir,Bera,Male,34,Kolkata,West Bengal,India,6641691.55,Platinum,2023-08-06,25,531335.32,1461172.14,Kolkata,India,DEV0537,5671883977457315,Visa
CUST000538,Geetika,Murty,Female,65,Hyderabad,Telangana,India,2076429.25,Gold,2019-03-18,55,103821.46,311464.39,Hyderabad,India,DEV0538,5311703037637152,RuPay
CUST000539,Odika,Yadav,Other,31,Ahmedabad,Gujarat,India,2256491.17,Gold,2023-09-05,5,112824.56,338473.67,Ahmedabad,India,DEV0539,5123567983631460,Visa
CUST000540,Chandran,Bhatt,Male,61,New York,New York,United States,6597642.96,Platinum,2020-05-03,20,527811.44,1451481.45,New York,United States,DEV0540,5307240787541814,Mastercard
CUST000541,Reyansh,Nagar,Male,63,Pune,Maharashtra,India,580152.44,Regular,2025-05-13,5,11603.05,46412.19,Pune,India,DEV0541,5074510663436299,Amex
CUST000542,Victor,Karnik,Male,36,Delhi,Delhi,India,2434354.75,Gold,2020-02-27,20,121717.74,365153.21,Delhi,India,DEV0542,5310094318143964,Visa
CUST000543,Dhruv,Samra,Male,58,Chennai,Tamil Nadu,India,361168.93,Regular,2023-01-17,39,7223.38,28893.51,Chennai,India,DEV0543,4354940128974323,Mastercard
CUST000544,Faqid,Raman,Male,75,Kolkata,West Bengal,India,3280085.1,Platinum,2026-06-03,31,262406.81,721618.72,Kolkata,India,DEV0544,5076502412095797,Mastercard
CUST000545,Zinal,Ramanathan,Female,46,Mumbai,Maharashtra,India,261304.03,Regular,2025-04-20,30,5226.08,20904.32,Mumbai,India,DEV0545,5438822114577586,RuPay
CUST000546,Unni,Ramakrishnan,Female,35,Ahmedabad,Gujarat,India,479207.15,Regular,2026-06-05,32,9584.14,38336.57,Ahmedabad,India,DEV0546,4589714802632572,Amex
CUST000547,Irya,Srivastava,Female,18,Hyderabad,Telangana,India,1210147.38,Gold,2022-03-11,38,60507.37,181522.11,Hyderabad,India,DEV0547,4614878245569640,Visa
CUST000548,Ira,Goel,Other,63,Kolkata,West Bengal,India,3176286.95,Platinum,2024-10-27,16,254102.96,698783.13,Kolkata,India,DEV0548,5795410727284982,Amex
CUST000549,Bhavini,Kuruvilla,Female,41,Mumbai,Maharashtra,India,924947.84,Gold,2019-03-29,47,46247.39,138742.18,Mumbai,India,DEV0549,5034910740650043,RuPay
CUST000550,Anusha,Mody,Other,51,Dubai,Dubai,UAE,3996189.85,Corporate,2024-07-16,46,399618.98,1198856.95,Dubai,UAE,DEV0550,5236914307536663,RuPay
CUST000551,Jagrati,Babu,Other,48,Chennai,Tamil Nadu,India,533280.58,Regular,2019-02-13,41,10665.61,42662.45,Chennai,India,DEV0551,4592342683441492,Amex
CUST000552,Triveni,Warrior,Female,27,Mumbai,Maharashtra,India,537235.87,Regular,2025-08-03,45,10744.72,42978.87,Mumbai,India,DEV0552,4585756766708067,RuPay
CUST000553,Zehaan,Srinivas,Male,18,Kolkata,West Bengal,India,603125.21,Regular,2020-10-03,40,12062.5,48250.02,Kolkata,India,DEV0553,5940626078701040,Visa
CUST000554,Warda,Yadav,Female,42,Ahmedabad,Gujarat,India,2282902.6,Gold,2020-07-16,71,114145.13,342435.39,Ahmedabad,India,DEV0554,5198038287232444,Mastercard
CUST000555,Wridesh,Dua,Male,29,Mumbai,Maharashtra,India,642463.93,Regular,2023-10-11,33,12849.28,51397.11,Mumbai,India,DEV0555,5181331708760145,Mastercard
CUST000556,David,Keer,Male,68,Chennai,Tamil Nadu,India,6247262.46,Platinum,2021-03-20,29,499781.0,1374397.74,Chennai,India,DEV0556,5916202232883777,Visa
CUST000557,Indira,Issac,Other,72,Ahmedabad,Gujarat,India,428867.88,Regular,2022-03-28,21,8577.36,34309.43,Ahmedabad,India,DEV0557,4617662047196092,Amex
CUST000558,Hredhaan,Handa,Male,72,Kolkata,West Bengal,India,3137674.88,Corporate,2019-02-03,16,313767.49,941302.46,Kolkata,India,DEV0558,5740258835868121,RuPay
CUST000559,Dalaja,Kata,Female,19,Bengaluru,Karnataka,India,745694.93,Regular,2020-04-06,12,14913.9,59655.59,Bengaluru,India,DEV0559,5461767929884254,Amex
CUST000560,Logan,Banerjee,Male,39,London,England,United Kingdom,726370.38,Regular,2023-12-21,19,14527.41,58109.63,London,United Kingdom,DEV0560,5311775331266105,Visa
CUST000561,Neel,Saini,Male,22,Mumbai,Maharashtra,India,493309.37,Regular,2026-07-21,33,9866.19,39464.75,Mumbai,India,DEV0561,4025176298334776,Mastercard
CUST000562,Yasti,Das,Other,73,Bengaluru,Karnataka,India,593544.14,Regular,2021-03-10,41,11870.88,47483.53,Bengaluru,India,DEV0562,4319013020569818,Amex
CUST000563,Onveer,Pau,Male,41,Hyderabad,Telangana,India,557926.37,Regular,2021-11-21,35,11158.53,44634.11,Hyderabad,India,DEV0563,4559821766191281,Visa
CUST000564,Xiti,Kohli,Female,60,Hyderabad,Telangana,India,601349.71,Regular,2021-06-21,21,12026.99,48107.98,Hyderabad,India,DEV0564,5034465124189389,Amex
CUST000565,Harini,Nadkarni,Other,58,Delhi,Delhi,India,829675.44,Regular,2019-04-04,51,16593.51,66374.04,Delhi,India,DEV0565,4974005643502383,Mastercard
CUST000566,Priya,Bumb,Female,25,Mumbai,Maharashtra,India,5601209.09,Platinum,2024-08-15,48,448096.73,1232266.0,Mumbai,India,DEV0566,5905169918724019,Mastercard
CUST000567,Bimala,Mutti,Other,62,Kolkata,West Bengal,India,447221.93,Regular,2019-07-24,32,8944.44,35777.75,Kolkata,India,DEV0567,5300038960870668,Amex
CUST000568,Amruta,Chahal,Other,22,Bengaluru,Karnataka,India,326695.16,Regular,2020-11-28,23,6533.9,26135.61,Bengaluru,India,DEV0568,4955356033190360,Visa
CUST000569,Hiral,Mahal,Other,46,Hyderabad,Telangana,India,2921364.22,Platinum,2024-07-12,44,233709.14,642700.13,Hyderabad,India,DEV0569,4272405593429679,Visa
CUST000570,Amaira,Dewan,Female,24,Dubai,Dubai,UAE,727892.11,Regular,2026-05-04,38,14557.84,58231.37,Dubai,UAE,DEV0570,5537458438458814,Amex
CUST000571,Yashasvi,Chawla,Other,41,Ahmedabad,Gujarat,India,382310.71,Regular,2024-02-05,8,7646.21,30584.86,Ahmedabad,India,DEV0571,5283483152037713,Visa
CUST000572,Ira,Khalsa,Female,75,Chennai,Tamil Nadu,India,445268.35,Regular,2025-11-17,33,8905.37,35621.47,Chennai,India,DEV0572,5104967066703365,Visa
CUST000573,Idika,Goel,Other,22,Chennai,Tamil Nadu,India,745947.6,Regular,2021-04-16,39,14918.95,59675.81,Chennai,India,DEV0573,5095493059660186,Amex
CUST000574,Kritika,Kale,Female,48,Chennai,Tamil Nadu,India,497839.17,Regular,2025-02-05,18,9956.78,39827.13,Chennai,India,DEV0574,5320441384596093,RuPay
CUST000575,Meghana,Das,Other,28,Chennai,Tamil Nadu,India,2196415.2,Gold,2020-12-02,38,109820.76,329462.28,Chennai,India,DEV0575,5901495427707070,Amex
CUST000576,Nirja,Shanker,Other,69,Hyderabad,Telangana,India,626720.71,Regular,2024-02-20,8,12534.41,50137.66,Hyderabad,India,DEV0576,4149851724447230,Visa
CUST000577,Pratyush,Bansal,Male,40,Mumbai,Maharashtra,India,1194808.79,Gold,2018-10-08,59,59740.44,179221.32,Mumbai,India,DEV0577,4879508304405800,RuPay
CUST000578,Wridesh,Goswami,Male,23,Mumbai,Maharashtra,India,323568.67,Regular,2019-03-01,57,6471.37,25885.49,Mumbai,India,DEV0578,5133595616420590,Amex
CUST000579,Divya,Patil,Other,71,Kolkata,West Bengal,India,882775.78,Regular,2019-09-11,30,17655.52,70622.06,Kolkata,India,DEV0579,5902504290193588,Mastercard
CUST000580,Hemangini,Lad,Female,21,London,England,United Kingdom,1140119.5,Gold,2020-12-04,41,57005.97,171017.92,London,United Kingdom,DEV0580,5113989868180977,RuPay
CUST000581,Divya,Hans,Female,61,Hyderabad,Telangana,India,4111859.2,Platinum,2025-04-30,5,328948.74,904609.02,Hyderabad,India,DEV0581,4353537513765151,RuPay
CUST000582,Inaya,Sarin,Other,31,Ahmedabad,Gujarat,India,1618348.83,Gold,2023-05-27,14,80917.44,242752.33,Ahmedabad,India,DEV0582,4639283692944556,Amex
CUST000583,Divya,Mukherjee,Female,32,Bengaluru,Karnataka,India,661209.35,Regular,2023-01-20,29,13224.19,52896.75,Bengaluru,India,DEV0583,4327021648712067,Visa
CUST000584,Advaith,Oza,Male,49,Pune,Maharashtra,India,2740287.2,Corporate,2020-02-22,15,274028.72,822086.16,Pune,India,DEV0584,5683415599910150,Amex
CUST000585,Baghyawati,Manne,Other,34,Pune,Maharashtra,India,560118.93,Regular,2020-12-01,47,11202.38,44809.51,Pune,India,DEV0585,5229812099576576,Visa
CUST000586,Kiaan,Jain,Male,44,Chennai,Tamil Nadu,India,281387.17,Regular,2019-03-04,70,5627.74,22510.97,Chennai,India,DEV0586,5889864565220360,RuPay
CUST000587,Alexander,Handa,Male,69,Kolkata,West Bengal,India,327058.2,Regular,2020-07-29,13,6541.16,26164.66,Kolkata,India,DEV0587,4477324491342138,Visa
CUST000588,Eesha,Bhardwaj,Other,57,Delhi,Delhi,India,3389404.12,Corporate,2021-12-10,19,338940.41,1016821.24,Delhi,India,DEV0588,4307053496782746,Amex
CUST000589,Sachi,Ramanathan,Female,70,Ahmedabad,Gujarat,India,811926.79,Regular,2019-10-11,39,16238.54,64954.14,Ahmedabad,India,DEV0589,4415131528547810,Amex
CUST000590,Rayaan,Bhavsar,Male,34,Singapore,Singapore,Singapore,612810.69,Regular,2020-07-27,64,12256.21,49024.85,Singapore,Singapore,DEV0590,4003296334727277,Mastercard
CUST000591,Zarna,Brar,Other,71,Mumbai,Maharashtra,India,4500048.79,Corporate,2022-01-06,12,450004.88,1350014.64,Mumbai,India,DEV0591,4306178932064965,RuPay
CUST000592,Turvi,Mohanty,Female,67,Bengaluru,Karnataka,India,7123805.18,Platinum,2020-11-13,39,569904.41,1567237.14,Bengaluru,India,DEV0592,5477695874131461,Mastercard
CUST000593,Radhika,Dass,Other,75,Pune,Maharashtra,India,552078.36,Regular,2019-09-01,67,11041.57,44166.27,Pune,India,DEV0593,5515627796304485,Visa
CUST000594,Waida,Bakshi,Other,24,Kolkata,West Bengal,India,456451.93,Regular,2026-01-04,5,9129.04,36516.15,Kolkata,India,DEV0594,4676640473504768,Mastercard
CUST000595,Zarna,Brahmbhatt,Other,48,Mumbai,Maharashtra,India,3646563.9,Corporate,2022-08-17,11,364656.39,1093969.17,Mumbai,India,DEV0595,5529800615581089,Mastercard
CUST000596,Frederick,Kumer,Male,23,Pune,Maharashtra,India,3761339.58,Platinum,2022-12-19,27,300907.17,827494.71,Pune,India,DEV0596,4255638300081869,Mastercard
CUST000597,Meera,Kuruvilla,Female,42,Chennai,Tamil Nadu,India,660511.08,Regular,2025-02-12,25,13210.22,52840.89,Chennai,India,DEV0597,4304166241118608,Visa
CUST000598,Yashawini,Narang,Other,62,Pune,Maharashtra,India,643699.53,Regular,2026-07-03,49,12873.99,51495.96,Pune,India,DEV0598,5456804473149767,Visa
CUST000599,Balvan,Saini,Male,48,Pune,Maharashtra,India,564177.19,Regular,2018-11-29,39,11283.54,45134.17,Pune,India,DEV0599,4883607658173909,Amex
CUST000600,Vinaya,Ratta,Female,22,New York,New York,United States,667832.07,Regular,2020-03-28,5,13356.64,53426.57,New York,United States,DEV0600,4521182379312690,Visa
CUST000601,Odika,Gopal,Female,64,Chennai,Tamil Nadu,India,731332.23,Regular,2022-09-18,44,14626.64,58506.58,Chennai,India,DEV0601,5205996043878755,Amex
CUST000602,Chameli,Karan,Other,52,Ahmedabad,Gujarat,India,808124.39,Regular,2020-03-01,24,16162.49,64649.95,Ahmedabad,India,DEV0602,5116162028123710,Amex
CUST000603,Onkar,Lad,Male,63,Ahmedabad,Gujarat,India,818239.78,Regular,2022-04-21,57,16364.8,65459.18,Ahmedabad,India,DEV0603,5660416448595925,Mastercard
CUST000604,Udyati,Mangat,Other,30,Kolkata,West Bengal,India,413305.59,Regular,2026-01-29,23,8266.11,33064.45,Kolkata,India,DEV0604,5735228705622718,Mastercard
CUST000605,Logan,Chakrabarti,Male,35,Mumbai,Maharashtra,India,465172.83,Regular,2023-08-02,23,9303.46,37213.83,Mumbai,India,DEV0605,5097921583503442,RuPay
CUST000606,Yashawini,Pillai,Other,55,Pune,Maharashtra,India,3463893.04,Corporate,2023-01-03,44,346389.3,1039167.91,Pune,India,DEV0606,5319213424912895,RuPay
CUST000607,Janani,Gupta,Other,34,Ahmedabad,Gujarat,India,251736.01,Regular,2020-08-17,48,5034.72,20138.88,Ahmedabad,India,DEV0607,5331922270510289,Amex
CUST000608,Varenya,Sundaram,Female,68,Chennai,Tamil Nadu,India,326242.72,Regular,2026-03-01,43,6524.85,26099.42,Chennai,India,DEV0608,4866675485819320,Amex
CUST000609,Anika,Sawhney,Other,54,Ahmedabad,Gujarat,India,762827.29,Regular,2020-05-19,5,15256.55,61026.18,Ahmedabad,India,DEV0609,5186520575639833,Mastercard
CUST000610,Varsha,Deo,Other,26,London,England,United Kingdom,484644.4,Regular,2026-05-15,44,9692.89,38771.55,London,United Kingdom,DEV0610,5309451548094045,Visa
CUST000611,Yashawini,Deshpande,Other,46,Chennai,Tamil Nadu,India,287197.55,Regular,2019-09-19,16,5743.95,22975.8,Chennai,India,DEV0611,4907977278105098,Mastercard
CUST000612,Gaurav,Baral,Male,21,Pune,Maharashtra,India,3156847.21,Platinum,2026-05-08,39,252547.78,694506.39,Pune,India,DEV0612,4705184390552951,Amex
CUST000613,Nidhi,Chokshi,Female,46,Delhi,Delhi,India,786280.9,Regular,2023-08-22,9,15725.62,62902.47,Delhi,India,DEV0613,5824127049386203,RuPay
CUST000614,Wahab,Saran,Male,41,Kolkata,West Bengal,India,793468.66,Regular,2026-03-04,43,15869.37,63477.49,Kolkata,India,DEV0614,5197111212590208,Amex
CUST000615,Indrajit,Som,Male,57,Hyderabad,Telangana,India,692578.89,Regular,2021-05-31,20,13851.58,55406.31,Hyderabad,India,DEV0615,4324064242956336,Mastercard
CUST000616,Amrita,Bhardwaj,Female,29,Chennai,Tamil Nadu,India,1323272.23,Gold,2020-04-18,11,66163.61,198490.83,Chennai,India,DEV0616,5759558720962895,RuPay
CUST000617,Edhitha,Sood,Other,35,Chennai,Tamil Nadu,India,704774.99,Regular,2026-01-01,47,14095.5,56382.0,Chennai,India,DEV0617,4884183437401822,Amex
CUST000618,Ojasvi,Pall,Other,31,Kolkata,West Bengal,India,495641.6,Regular,2019-06-03,39,9912.83,39651.33,Kolkata,India,DEV0618,4905150267551253,Amex
CUST000619,Eesha,Karan,Other,40,Bengaluru,Karnataka,India,1602413.94,Gold,2022-07-17,23,80120.7,240362.09,Bengaluru,India,DEV0619,4979966734595767,Mastercard
CUST000620,Ira,Baral,Other,50,London,England,United Kingdom,753147.09,Regular,2023-04-25,61,15062.94,60251.77,London,United Kingdom,DEV0620,4969028249839224,Visa
CUST000621,Bishakha,Pingle,Female,74,Bengaluru,Karnataka,India,5022924.36,Platinum,2022-06-25,27,401833.95,1105043.36,Bengaluru,India,DEV0621,4270232441233616,RuPay
CUST000622,Zashil,Chakrabarti,Male,68,Ahmedabad,Gujarat,India,314943.76,Regular,2025-07-05,35,6298.88,25195.5,Ahmedabad,India,DEV0622,5863767316252656,Amex
CUST000623,Wakeeta,Bajwa,Other,59,Mumbai,Maharashtra,India,685419.84,Regular,2022-11-12,39,13708.4,54833.59,Mumbai,India,DEV0623,4903923555809966,Mastercard
CUST000624,Neha,Kala,Female,38,Hyderabad,Telangana,India,446259.65,Regular,2024-12-18,23,8925.19,35700.77,Hyderabad,India,DEV0624,5156262446704627,Visa
CUST000625,Idika,Bhargava,Female,34,Mumbai,Maharashtra,India,726235.93,Regular,2019-01-17,43,14524.72,58098.87,Mumbai,India,DEV0625,5602529867076608,RuPay
CUST000626,Ekta,Gour,Other,37,Mumbai,Maharashtra,India,2183869.43,Gold,2021-01-29,25,109193.47,327580.41,Mumbai,India,DEV0626,5785758512686126,RuPay
CUST000627,Chatresh,Om,Male,68,Ahmedabad,Gujarat,India,552096.06,Regular,2019-03-04,27,11041.92,44167.69,Ahmedabad,India,DEV0627,4017750954654081,RuPay
CUST000628,Lavanya,Sani,Female,42,Pune,Maharashtra,India,461011.16,Regular,2023-06-09,59,9220.22,36880.89,Pune,India,DEV0628,5091508632181226,RuPay
CUST000629,Alka,Sangha,Female,75,Ahmedabad,Gujarat,India,1290561.13,Gold,2026-08-27,16,64528.06,193584.17,Ahmedabad,India,DEV0629,5897015502916817,Amex
CUST000630,Ojasvi,Thaman,Female,67,London,England,United Kingdom,735398.57,Regular,2026-04-13,5,14707.97,58831.89,London,United Kingdom,DEV0630,4161394498830592,Amex
CUST000631,Ekta,Kibe,Female,58,Bengaluru,Karnataka,India,686435.77,Regular,2026-02-20,63,13728.72,54914.86,Bengaluru,India,DEV0631,5962440630624479,Visa
CUST000632,Jonathan,Kanda,Male,34,Hyderabad,Telangana,India,460995.74,Regular,2024-12-10,80,9219.91,36879.66,Hyderabad,India,DEV0632,5194979695867805,RuPay
CUST000633,Gauri,Sule,Female,58,Ahmedabad,Gujarat,India,805331.39,Regular,2025-08-13,27,16106.63,64426.51,Ahmedabad,India,DEV0633,5738264609178513,RuPay
CUST000634,Kashish,Raval,Female,20,Kolkata,West Bengal,India,553797.07,Regular,2018-11-16,5,11075.94,44303.77,Kolkata,India,DEV0634,4299295966048736,Amex
CUST000635,Triveni,Kapoor,Other,61,Mumbai,Maharashtra,India,391898.5,Regular,2026-07-02,29,7837.97,31351.88,Mumbai,India,DEV0635,4194226865369453,RuPay
CUST000636,Yashasvi,Bose,Other,68,Pune,Maharashtra,India,512577.88,Regular,2019-01-23,29,10251.56,41006.23,Pune,India,DEV0636,5747226408572164,Amex
CUST000637,Geetika,Sinha,Female,41,Hyderabad,Telangana,India,1890201.55,Gold,2023-11-03,31,94510.08,283530.23,Hyderabad,India,DEV0637,4299819960593290,RuPay
CUST000638,Yatin,Chadha,Male,18,Pune,Maharashtra,India,811234.88,Regular,2020-04-12,14,16224.7,64898.79,Pune,India,DEV0638,5275327352410393,Mastercard
CUST000639,Chanchal,Walla,Other,70,Ahmedabad,Gujarat,India,4288637.45,Corporate,2023-10-01,45,428863.74,1286591.23,Ahmedabad,India,DEV0639,4781952371006874,Amex
CUST000640,Sachi,Dasgupta,Female,56,London,England,United Kingdom,1871163.07,Gold,2025-01-06,44,93558.15,280674.46,London,United Kingdom,DEV0640,4807704605687615,RuPay
CUST000641,Janaki,Kapur,Other,24,Mumbai,Maharashtra,India,1486343.21,Gold,2022-03-30,8,74317.16,222951.48,Mumbai,India,DEV0641,5523734151773452,RuPay
CUST000642,Falak,Nagar,Female,40,Chennai,Tamil Nadu,India,636378.28,Regular,2020-02-28,47,12727.57,50910.26,Chennai,India,DEV0642,5228403595442947,RuPay
CUST000643,Champak,Bobal,Male,41,Bengaluru,Karnataka,India,440016.37,Regular,2025-12-30,71,8800.33,35201.31,Bengaluru,India,DEV0643,5643039429045880,Mastercard
CUST000644,Januja,Dutt,Female,34,Bengaluru,Karnataka,India,575711.94,Regular,2020-08-23,38,11514.24,46056.96,Bengaluru,India,DEV0644,4856728727601539,Mastercard
CUST000645,Wyatt,Deshmukh,Male,75,Chennai,Tamil Nadu,India,2066018.91,Gold,2025-10-02,28,103300.95,309902.84,Chennai,India,DEV0645,4135779083350617,RuPay
CUST000646,Hemangini,Batra,Other,68,Mumbai,Maharashtra,India,1695911.8,Corporate,2024-11-18,32,169591.18,508773.54,Mumbai,India,DEV0646,4983342337209489,Mastercard
CUST000647,Falak,Bath,Other,62,Mumbai,Maharashtra,India,1963921.29,Corporate,2018-12-04,46,196392.13,589176.39,Mumbai,India,DEV0647,5403339977180512,Visa
CUST000648,Bhavika,Dass,Female,49,Mumbai,Maharashtra,India,314919.34,Regular,2019-03-02,5,6298.39,25193.55,Mumbai,India,DEV0648,4939749096173992,RuPay
CUST000649,Raagini,Narasimhan,Female,28,Chennai,Tamil Nadu,India,364745.72,Regular,2019-10-14,37,7294.91,29179.66,Chennai,India,DEV0649,4878444835488474,Amex
CUST000650,Ronith,Rege,Male,18,Singapore,Singapore,Singapore,5302513.61,Platinum,2024-12-01,27,424201.09,1166553.0,Singapore,Singapore,DEV0650,5722164175823136,RuPay
CUST000651,Devika,Ghosh,Female,27,Ahmedabad,Gujarat,India,445039.92,Regular,2022-01-03,68,8900.8,35603.19,Ahmedabad,India,DEV0651,5939252362292581,RuPay
CUST000652,Hardik,Morar,Male,49,Chennai,Tamil Nadu,India,806554.4,Regular,2021-11-19,31,16131.09,64524.35,Chennai,India,DEV0652,4452455574696609,Amex
CUST000653,Vyanjana,Bath,Female,26,Bengaluru,Karnataka,India,4184670.1,Corporate,2024-08-11,65,418467.01,1255401.03,Bengaluru,India,DEV0653,5033445056658836,RuPay
CUST000654,Jeremiah,Gole,Male,25,Mumbai,Maharashtra,India,461563.97,Regular,2023-09-19,15,9231.28,36925.12,Mumbai,India,DEV0654,5797067349960103,RuPay
CUST000655,Turvi,Sant,Female,71,Chennai,Tamil Nadu,India,337285.08,Regular,2023-02-26,45,6745.7,26982.81,Chennai,India,DEV0655,5156229493817359,RuPay
CUST000656,Mohini,Kalita,Other,73,Delhi,Delhi,India,750438.82,Regular,2025-05-28,40,15008.78,60035.11,Delhi,India,DEV0656,4557325737553449,Mastercard
CUST000657,Alexander,Srinivas,Male,36,Pune,Maharashtra,India,773942.13,Regular,2020-01-20,19,15478.84,61915.37,Pune,India,DEV0657,5080850960858747,Visa
CUST000658,Tripti,Kapoor,Other,69,Mumbai,Maharashtra,India,883247.9,Regular,2022-04-11,38,17664.96,70659.83,Mumbai,India,DEV0658,5182819793164772,Visa
CUST000659,Upkaar,Doctor,Male,38,Kolkata,West Bengal,India,757723.39,Regular,2024-04-19,56,15154.47,60617.87,Kolkata,India,DEV0659,4606940960035622,RuPay
CUST000660,Xalak,Basak,Other,69,New York,New York,United States,1220530.48,Gold,2022-01-24,29,61026.52,183079.57,New York,United States,DEV0660,5959232342108900,Visa
CUST000661,Vanya,Mangal,Female,72,Kolkata,West Bengal,India,3803584.65,Corporate,2022-11-11,5,380358.47,1141075.4,Kolkata,India,DEV0661,4342643350271603,Amex
CUST000662,Saksham,Mitra,Male,49,Ahmedabad,Gujarat,India,379114.53,Regular,2023-01-23,34,7582.29,30329.16,Ahmedabad,India,DEV0662,5691128981231796,Amex
CUST000663,David,Sahni,Male,40,Hyderabad,Telangana,India,4299269.25,Corporate,2020-01-03,18,429926.92,1289780.77,Hyderabad,India,DEV0663,4574817006661554,Amex
CUST000664,Bhavini,Balan,Other,74,Chennai,Tamil Nadu,India,705789.06,Regular,2019-11-08,28,14115.78,56463.12,Chennai,India,DEV0664,5670450232902829,Visa
CUST000665,Falan,Dasgupta,Male,34,Hyderabad,Telangana,India,6135237.05,Platinum,2023-01-02,33,490818.96,1349752.15,Hyderabad,India,DEV0665,4596262282251202,RuPay
CUST000666,Kamala,Bera,Female,23,Kolkata,West Bengal,India,2428134.71,Corporate,2019-07-01,5,242813.47,728440.41,Kolkata,India,DEV0666,4500507026086988,Visa
CUST000667,Oliver,Tara,Male,27,Kolkata,West Bengal,India,3006681.44,Platinum,2025-12-26,5,240534.52,661469.92,Kolkata,India,DEV0667,5117768729047749,RuPay
CUST000668,Sara,Padmanabhan,Other,69,Mumbai,Maharashtra,India,736667.3,Regular,2019-05-18,43,14733.35,58933.38,Mumbai,India,DEV0668,4932382231164911,RuPay
CUST000669,Aarnav,Yohannan,Male,37,Chennai,Tamil Nadu,India,883071.88,Regular,2020-09-04,25,17661.44,70645.75,Chennai,India,DEV0669,4988942565290601,Visa
CUST000670,Jack,Sahota,Male,66,London,England,United Kingdom,3808061.31,Platinum,2025-01-04,5,304644.9,837773.49,London,United Kingdom,DEV0670,5650977539673795,Visa
CUST000671,Aashi,Wagle,Other,54,Chennai,Tamil Nadu,India,1723185.45,Gold,2021-06-08,49,86159.27,258477.82,Chennai,India,DEV0671,4552457871584155,Mastercard
CUST000672,Falan,Raval,Male,38,Hyderabad,Telangana,India,4405272.84,Corporate,2021-07-22,39,440527.28,1321581.85,Hyderabad,India,DEV0672,4184254768182682,Mastercard
CUST000673,Aarnav,Kashyap,Male,24,Hyderabad,Telangana,India,1466298.4,Gold,2024-06-26,22,73314.92,219944.76,Hyderabad,India,DEV0673,4929880858382527,Mastercard
CUST000674,Radhika,Agarwal,Other,71,Bengaluru,Karnataka,India,870834.8,Regular,2022-07-15,11,17416.7,69666.78,Bengaluru,India,DEV0674,4634064686775246,RuPay
CUST000675,Sudiksha,Nazareth,Other,34,Chennai,Tamil Nadu,India,726749.32,Regular,2025-06-14,50,14534.99,58139.95,Chennai,India,DEV0675,4910622723626693,RuPay
CUST000676,Jai,Bhargava,Male,29,Hyderabad,Telangana,India,2466762.55,Corporate,2021-03-14,41,246676.26,740028.77,Hyderabad,India,DEV0676,5619237245018482,Mastercard
CUST000677,Urmi,Batra,Other,49,Ahmedabad,Gujarat,India,331161.92,Regular,2023-12-04,77,6623.24,26492.95,Ahmedabad,India,DEV0677,5972154064176922,Mastercard
CUST000678,Meghana,Naik,Other,65,Mumbai,Maharashtra,India,725643.55,Regular,2019-05-03,42,14512.87,58051.48,Mumbai,India,DEV0678,5953766014448563,Visa
CUST000679,Isaac,Sinha,Male,57,Mumbai,Maharashtra,India,1676878.01,Gold,2025-01-31,41,83843.9,251531.7,Mumbai,India,DEV0679,4973964178996981,Visa
CUST000680,Ishita,Wadhwa,Other,49,London,England,United Kingdom,326357.69,Regular,2022-04-02,31,6527.15,26108.61,London,United Kingdom,DEV0680,4359966057798068,Mastercard
CUST000681,Qushi,Sanghvi,Other,67,Bengaluru,Karnataka,India,864867.34,Regular,2023-09-10,49,17297.35,69189.39,Bengaluru,India,DEV0681,5146074555347057,Mastercard
CUST000682,Ethan,Mander,Male,37,Kolkata,West Bengal,India,2105310.65,Gold,2020-05-11,46,105265.53,315796.6,Kolkata,India,DEV0682,5271559835411651,Mastercard
CUST000683,Kamala,Kohli,Female,67,Hyderabad,Telangana,India,709807.46,Regular,2024-02-20,57,14196.15,56784.6,Hyderabad,India,DEV0683,4557522501394880,Amex
CUST000684,Udyati,Iyengar,Other,30,Mumbai,Maharashtra,India,308852.44,Regular,2024-09-06,25,6177.05,24708.2,Mumbai,India,DEV0684,5964258562614990,Mastercard
CUST000685,Baghyawati,Karpe,Female,74,Delhi,Delhi,India,350757.68,Regular,2021-03-09,27,7015.15,28060.61,Delhi,India,DEV0685,5407333373204309,Amex
CUST000686,Saanvi,Kalita,Female,54,Hyderabad,Telangana,India,801138.1,Regular,2026-08-27,26,16022.76,64091.05,Hyderabad,India,DEV0686,4969645465535850,RuPay
CUST000687,Yoshita,Pall,Other,68,Hyderabad,Telangana,India,1826333.55,Gold,2024-03-04,49,91316.68,273950.03,Hyderabad,India,DEV0687,5187851935837499,Amex
CUST000688,Eiravati,Swaminathan,Female,46,Pune,Maharashtra,India,897262.59,Regular,2021-10-25,61,17945.25,71781.01,Pune,India,DEV0688,5087805721514946,Amex
CUST000689,Nandini,Babu,Other,35,Bengaluru,Karnataka,India,2253214.49,Corporate,2026-01-15,26,225321.45,675964.35,Bengaluru,India,DEV0689,4748453986289503,RuPay
CUST000690,Neelima,Viswanathan,Other,46,London,England,United Kingdom,1013621.43,Gold,2019-10-08,27,50681.07,152043.21,London,United Kingdom,DEV0690,5186233922071518,Amex
CUST000691,Jasmit,Saxena,Female,43,Pune,Maharashtra,India,1121615.21,Gold,2023-04-17,40,56080.76,168242.28,Pune,India,DEV0691,5521452647124636,Visa
CUST000692,Amara,Mani,Female,33,Ahmedabad,Gujarat,India,1738187.64,Gold,2021-12-19,30,86909.38,260728.15,Ahmedabad,India,DEV0692,4090805120800565,RuPay
CUST000693,Liam,Samra,Male,44,Bengaluru,Karnataka,India,653567.06,Regular,2022-05-18,52,13071.34,52285.36,Bengaluru,India,DEV0693,4283512959272828,Visa
CUST000694,Vidhi,Cheema,Other,36,Mumbai,Maharashtra,India,4214159.42,Platinum,2019-12-04,5,337132.75,927115.07,Mumbai,India,DEV0694,5415298217392958,Amex
CUST000695,Bachittar,Dave,Male,38,Mumbai,Maharashtra,India,487700.78,Regular,2019-06-24,20,9754.02,39016.06,Mumbai,India,DEV0695,5373605079181581,Mastercard
CUST000696,Gautami,Rattan,Female,45,Kolkata,West Bengal,India,746289.7,Regular,2020-11-21,20,14925.79,59703.18,Kolkata,India,DEV0696,5466661707158794,Amex
CUST000697,Arya,Deshmukh,Female,37,Delhi,Delhi,India,277061.15,Regular,2021-07-01,5,5541.22,22164.89,Delhi,India,DEV0697,4149982508004635,Amex
CUST000698,Panini,Talwar,Other,44,Bengaluru,Karnataka,India,692736.7,Regular,2023-06-23,17,13854.73,55418.94,Bengaluru,India,DEV0698,5031723513739907,Mastercard
CUST000699,Avni,Dayal,Other,45,Mumbai,Maharashtra,India,1516585.75,Corporate,2019-09-01,18,151658.57,454975.72,Mumbai,India,DEV0699,5352635602293949,Mastercard
CUST000700,Pushti,Dhar,Other,46,Singapore,Singapore,Singapore,256647.81,Regular,2019-10-30,31,5132.96,20531.82,Singapore,Singapore,DEV0700,4664374906072311,Mastercard
CUST000701,Jagvi,Gola,Female,62,Mumbai,Maharashtra,India,462796.07,Regular,2018-10-11,55,9255.92,37023.69,Mumbai,India,DEV0701,4464844941163182,Mastercard
CUST000702,Ria,Batra,Other,62,Delhi,Delhi,India,321073.53,Regular,2023-05-06,30,6421.47,25685.88,Delhi,India,DEV0702,4306211369572795,Mastercard
CUST000703,Aishani,Goswami,Other,33,Kolkata,West Bengal,India,259237.24,Regular,2022-05-28,16,5184.74,20738.98,Kolkata,India,DEV0703,4254257306624818,Mastercard
CUST000704,Eesha,Thakur,Female,64,Ahmedabad,Gujarat,India,536344.82,Regular,2024-10-03,33,10726.9,42907.59,Ahmedabad,India,DEV0704,4398482285011684,Mastercard
CUST000705,Nidra,Rastogi,Other,38,Kolkata,West Bengal,India,343266.21,Regular,2021-01-19,53,6865.32,27461.3,Kolkata,India,DEV0705,4130609069130987,Amex
CUST000706,Barkha,Gera,Other,52,Pune,Maharashtra,India,650431.91,Regular,2023-05-01,17,13008.64,52034.55,Pune,India,DEV0706,4737945772785328,Amex
CUST000707,Bhavani,Kalla,Female,20,Bengaluru,Karnataka,India,263609.13,Regular,2021-06-13,18,5272.18,21088.73,Bengaluru,India,DEV0707,5420768362536665,Amex
CUST000708,Aashi,Mohan,Female,70,Ahmedabad,Gujarat,India,461907.14,Regular,2021-06-13,45,9238.14,36952.57,Ahmedabad,India,DEV0708,5628333393957860,Mastercard
CUST000709,Jalsa,Sarkar,Female,56,Bengaluru,Karnataka,India,602838.66,Regular,2020-02-29,31,12056.77,48227.09,Bengaluru,India,DEV0709,4749603358268623,Mastercard
CUST000710,Saumya,Goyal,Female,47,Dubai,Dubai,UAE,734881.6,Regular,2023-02-27,46,14697.63,58790.53,Dubai,UAE,DEV0710,4926932657327598,Visa
CUST000711,Darpan,Kaul,Male,62,Mumbai,Maharashtra,India,848111.66,Regular,2025-03-20,34,16962.23,67848.93,Mumbai,India,DEV0711,5051553234159593,RuPay
CUST000712,Sara,Sarna,Other,33,Bengaluru,Karnataka,India,315974.67,Regular,2020-09-13,47,6319.49,25277.97,Bengaluru,India,DEV0712,4822261896288742,Mastercard
CUST000713,Irya,Jha,Female,22,Mumbai,Maharashtra,India,1116957.98,Gold,2026-05-25,16,55847.9,167543.7,Mumbai,India,DEV0713,5676720957992707,RuPay
CUST000714,Samuel,Natt,Male,55,Kolkata,West Bengal,India,337713.21,Regular,2020-10-27,34,6754.26,27017.06,Kolkata,India,DEV0714,4462135415970994,RuPay
CUST000715,Wishi,Prashad,Female,41,Hyderabad,Telangana,India,888323.66,Regular,2019-09-29,31,17766.47,71065.89,Hyderabad,India,DEV0715,5075203447650473,Visa
CUST000716,Fitan,Suresh,Male,72,Delhi,Delhi,India,930739.45,Gold,2026-03-01,13,46536.97,139610.92,Delhi,India,DEV0716,5637660465586654,RuPay
CUST000717,Anya,Pandey,Other,43,Hyderabad,Telangana,India,423337.14,Regular,2024-11-07,6,8466.74,33866.97,Hyderabad,India,DEV0717,4715810213125124,Visa
CUST000718,Gavin,Bajwa,Male,53,Delhi,Delhi,India,2078405.64,Gold,2025-03-11,47,103920.28,311760.85,Delhi,India,DEV0718,4591297519102315,Visa
CUST000719,Dalbir,Dugar,Male,66,Pune,Maharashtra,India,1272921.2,Gold,2025-10-25,28,63646.06,190938.18,Pune,India,DEV0719,5016583737927496,Mastercard
CUST000720,Ladli,Nagi,Other,20,London,England,United Kingdom,883223.73,Regular,2025-06-25,16,17664.47,70657.9,London,United Kingdom,DEV0720,5428931132532698,RuPay
CUST000721,Dakshesh,Batra,Male,23,Pune,Maharashtra,India,474093.38,Regular,2022-04-16,33,9481.87,37927.47,Pune,India,DEV0721,5380442101750960,Visa
CUST000722,Priya,Din,Other,51,Mumbai,Maharashtra,India,751400.97,Regular,2022-01-07,55,15028.02,60112.08,Mumbai,India,DEV0722,4591945757574753,Mastercard
CUST000723,Pooja,Agarwal,Other,39,Bengaluru,Karnataka,India,479381.73,Regular,2019-03-31,5,9587.63,38350.54,Bengaluru,India,DEV0723,4775677722660256,Amex
CUST000724,Sai,Oak,Female,57,Delhi,Delhi,India,781313.12,Regular,2021-03-13,8,15626.26,62505.05,Delhi,India,DEV0724,5229231067245309,Mastercard
CUST000725,Radha,Khare,Female,61,Chennai,Tamil Nadu,India,566247.6,Regular,2022-09-14,18,11324.95,45299.81,Chennai,India,DEV0725,5766270511579421,Mastercard
CUST000726,Kavya,Halder,Female,61,Ahmedabad,Gujarat,India,450204.99,Regular,2024-01-15,61,9004.1,36016.4,Ahmedabad,India,DEV0726,5254969192845528,Visa
CUST000727,Anmol,Gala,Male,30,Ahmedabad,Gujarat,India,409971.4,Regular,2025-10-16,40,8199.43,32797.71,Ahmedabad,India,DEV0727,4535748595325933,Mastercard
CUST000728,Chanchal,Deep,Female,65,Ahmedabad,Gujarat,India,4224030.27,Platinum,2022-07-28,48,337922.42,929286.66,Ahmedabad,India,DEV0728,5162951877941764,Mastercard
CUST000729,Urishilla,Bawa,Female,45,Delhi,Delhi,India,395166.66,Regular,2019-06-07,14,7903.33,31613.33,Delhi,India,DEV0729,4055978245759832,RuPay
CUST000730,Divya,Goswami,Other,70,London,England,United Kingdom,1211908.93,Gold,2025-02-19,14,60595.45,181786.34,London,United Kingdom,DEV0730,5843660443240065,Amex
CUST000731,Qasim,Bumb,Male,26,Ahmedabad,Gujarat,India,1788422.98,Gold,2023-06-25,43,89421.15,268263.45,Ahmedabad,India,DEV0731,4975147439742925,Visa
CUST000732,Akshay,Basak,Male,67,Kolkata,West Bengal,India,489734.3,Regular,2018-09-23,36,9794.69,39178.74,Kolkata,India,DEV0732,4568065625904595,Visa
CUST000733,Riya,Sastry,Other,60,Bengaluru,Karnataka,India,852516.68,Regular,2023-10-10,44,17050.33,68201.33,Bengaluru,India,DEV0733,5221823155516519,Visa
CUST000734,Watika,Sagar,Other,55,Pune,Maharashtra,India,1533584.27,Gold,2019-03-20,31,76679.21,230037.64,Pune,India,DEV0734,5281372143308008,Visa
CUST000735,Aarav,Mallick,Male,50,Hyderabad,Telangana,India,2419945.64,Gold,2022-06-04,40,120997.28,362991.85,Hyderabad,India,DEV0735,4285566084706812,Visa
CUST000736,Charan,Mohan,Male,28,Hyderabad,Telangana,India,254649.04,Regular,2024-03-26,37,5092.98,20371.92,Hyderabad,India,DEV0736,5195826328094481,Mastercard
CUST000737,Ranveer,Bhakta,Male,74,Chennai,Tamil Nadu,India,462587.75,Regular,2021-09-12,48,9251.76,37007.02,Chennai,India,DEV0737,4461470798632104,Mastercard
CUST000738,Thomas,Peri,Male,52,Chennai,Tamil Nadu,India,6208134.83,Platinum,2019-06-04,49,496650.79,1365789.66,Chennai,India,DEV0738,5945703943804037,Mastercard
CUST000739,Idika,Balasubramanian,Female,53,Pune,Maharashtra,India,1632614.93,Gold,2023-10-28,5,81630.75,244892.24,Pune,India,DEV0739,4692778943191000,Visa
CUST000740,Amruta,Kumer,Female,40,London,England,United Kingdom,497923.6,Regular,2021-03-03,5,9958.47,39833.89,London,United Kingdom,DEV0740,4921053365146047,RuPay
CUST000741,Yug,Jani,Male,72,Chennai,Tamil Nadu,India,855959.67,Regular,2025-04-22,53,17119.19,68476.77,Chennai,India,DEV0741,5310720113798442,Visa
CUST000742,Anjali,Thaman,Other,58,Bengaluru,Karnataka,India,508400.31,Regular,2026-04-03,56,10168.01,40672.02,Bengaluru,India,DEV0742,4600767620901449,RuPay
CUST000743,Ansh,Lall,Male,26,Chennai,Tamil Nadu,India,2158244.35,Corporate,2020-08-11,16,215824.44,647473.31,Chennai,India,DEV0743,5700968730451952,Mastercard
CUST000744,Amaira,Ghosh,Female,32,Kolkata,West Bengal,India,1765227.22,Gold,2022-07-07,5,88261.36,264784.08,Kolkata,India,DEV0744,5556296575427862,Visa
CUST000745,Ekanta,Rai,Other,52,Chennai,Tamil Nadu,India,4330422.42,Platinum,2024-12-08,36,346433.79,952692.93,Chennai,India,DEV0745,4577820582958297,Amex
CUST000746,Nathaniel,Korpal,Male,31,Pune,Maharashtra,India,7947771.63,Platinum,2023-04-08,51,635821.73,1748509.76,Pune,India,DEV0746,5808190482357153,Amex
CUST000747,Quincy,Dugal,Male,32,Kolkata,West Bengal,India,2000481.51,Gold,2018-10-29,67,100024.08,300072.23,Kolkata,India,DEV0747,4137230817214365,Visa
CUST000748,Frado,Memon,Male,63,Delhi,Delhi,India,442259.65,Regular,2021-07-21,44,8845.19,35380.77,Delhi,India,DEV0748,5321147165609452,Mastercard
CUST000749,Shravya,Palla,Female,31,Pune,Maharashtra,India,2371289.1,Gold,2020-07-27,28,118564.46,355693.37,Pune,India,DEV0749,5990707550476814,Amex
CUST000750,Hredhaan,Nanda,Male,34,New York,New York,United States,566841.46,Regular,2021-03-06,18,11336.83,45347.32,New York,United States,DEV0750,5174811317653979,RuPay
CUST000751,Hamsini,Nath,Other,41,Ahmedabad,Gujarat,India,516894.61,Regular,2026-09-05,35,10337.89,41351.57,Ahmedabad,India,DEV0751,5029087182749681,Visa
CUST000752,Vyanjana,Kari,Other,33,Ahmedabad,Gujarat,India,543621.86,Regular,2020-05-03,29,10872.44,43489.75,Ahmedabad,India,DEV0752,4204956121377301,Amex
CUST000753,Yug,Tella,Male,64,Chennai,Tamil Nadu,India,471045.77,Regular,2020-08-30,16,9420.92,37683.66,Chennai,India,DEV0753,5973711222990773,Visa
CUST000754,Anika,Batra,Other,69,Kolkata,West Bengal,India,1070124.98,Gold,2021-09-12,71,53506.25,160518.75,Kolkata,India,DEV0754,4704686111457686,Visa
CUST000755,Jairaj,Sandal,Male,25,Bengaluru,Karnataka,India,371413.97,Regular,2020-01-21,67,7428.28,29713.12,Bengaluru,India,DEV0755,4378584712961800,Mastercard
CUST000756,Ganga,Goda,Female,73,Bengaluru,Karnataka,India,1525135.61,Gold,2026-06-01,55,76256.78,228770.34,Bengaluru,India,DEV0756,4508018498042530,Mastercard
CUST000757,Zansi,Cherian,Other,67,Ahmedabad,Gujarat,India,389179.62,Regular,2024-10-06,18,7783.59,31134.37,Ahmedabad,India,DEV0757,4268812282178196,Amex
CUST000758,Ekta,Vaidya,Other,62,Kolkata,West Bengal,India,4397914.74,Corporate,2021-01-09,50,439791.47,1319374.42,Kolkata,India,DEV0758,5606056035679320,Mastercard
CUST000759,Anmol,Babu,Male,33,Chennai,Tamil Nadu,India,298786.02,Regular,2022-03-14,46,5975.72,23902.88,Chennai,India,DEV0759,5906181205464758,RuPay
CUST000760,Chandani,Gole,Female,62,New York,New York,United States,816253.38,Regular,2018-09-26,42,16325.07,65300.27,New York,United States,DEV0760,5989992751758895,RuPay
CUST000761,Isha,Mani,Female,66,Chennai,Tamil Nadu,India,398097.45,Regular,2022-01-03,57,7961.95,31847.8,Chennai,India,DEV0761,4539354358644964,RuPay
CUST000762,Frederick,Tiwari,Male,20,Kolkata,West Bengal,India,1784645.11,Gold,2024-02-08,46,89232.26,267696.77,Kolkata,India,DEV0762,5379821433952751,Amex
CUST000763,Upma,Pai,Other,46,Chennai,Tamil Nadu,India,3106777.29,Corporate,2023-10-26,48,310677.73,932033.19,Chennai,India,DEV0763,5524914168601347,RuPay
CUST000764,Indira,Rau,Other,75,Pune,Maharashtra,India,283145.48,Regular,2024-02-27,46,5662.91,22651.64,Pune,India,DEV0764,4679176651221507,RuPay
CUST000765,Jackson,Pandey,Male,58,Chennai,Tamil Nadu,India,312328.91,Regular,2025-04-20,41,6246.58,24986.31,Chennai,India,DEV0765,5630900159446337,RuPay
CUST000766,Ayush,Korpal,Male,45,Bengaluru,Karnataka,India,629678.01,Regular,2022-11-06,5,12593.56,50374.24,Bengaluru,India,DEV0766,4326389021994714,Amex
CUST000767,Ekbal,Cherian,Male,45,Hyderabad,Telangana,India,357667.66,Regular,2019-04-20,36,7153.35,28613.41,Hyderabad,India,DEV0767,4234103469967336,Amex
CUST000768,Vidhi,Butala,Other,74,Ahmedabad,Gujarat,India,730456.85,Regular,2022-08-01,24,14609.14,58436.55,Ahmedabad,India,DEV0768,5696084376855072,Amex
CUST000769,Anya,Tara,Other,27,Hyderabad,Telangana,India,707246.65,Regular,2023-11-08,11,14144.93,56579.73,Hyderabad,India,DEV0769,5962633556434366,Visa
CUST000770,Leena,Shan,Other,35,Dubai,Dubai,UAE,1003511.93,Gold,2024-04-26,65,50175.6,150526.79,Dubai,UAE,DEV0770,4069556076761641,RuPay
CUST000771,Jagvi,Ahuja,Female,32,Chennai,Tamil Nadu,India,359552.08,Regular,2022-01-21,66,7191.04,28764.17,Chennai,India,DEV0771,4989830650312190,RuPay
CUST000772,Luke,Merchant,Male,67,Chennai,Tamil Nadu,India,440549.33,Regular,2021-02-20,59,8810.99,35243.95,Chennai,India,DEV0772,5642364281319097,Amex
CUST000773,Omya,Gaba,Female,47,Bengaluru,Karnataka,India,775023.67,Regular,2024-11-14,39,15500.47,62001.89,Bengaluru,India,DEV0773,4391114281785223,Mastercard
CUST000774,Dev,Khanna,Male,59,Kolkata,West Bengal,India,6714922.97,Platinum,2022-03-11,59,537193.84,1477283.05,Kolkata,India,DEV0774,5808806220722393,Amex
CUST000775,Dhruv,Maharaj,Male,52,Ahmedabad,Gujarat,India,321419.52,Regular,2026-05-02,35,6428.39,25713.56,Ahmedabad,India,DEV0775,5329016204787686,Amex
CUST000776,Bimala,Kota,Other,39,Kolkata,West Bengal,India,1823955.01,Gold,2020-08-09,38,91197.75,273593.25,Kolkata,India,DEV0776,5648628720319547,Amex
CUST000777,Ijaya,Bassi,Female,74,Chennai,Tamil Nadu,India,454454.37,Regular,2022-06-04,15,9089.09,36356.35,Chennai,India,DEV0777,5303627924632030,Amex
CUST000778,Vamakshi,Chahal,Female,49,Ahmedabad,Gujarat,India,1494507.39,Gold,2026-03-12,42,74725.37,224176.11,Ahmedabad,India,DEV0778,4372603214505766,RuPay
CUST000779,Ekiya,Choudhary,Female,55,Ahmedabad,Gujarat,India,887882.35,Regular,2020-10-10,36,17757.65,71030.59,Ahmedabad,India,DEV0779,4715534820128404,RuPay
CUST000780,Wazir,Johal,Male,42,New York,New York,United States,769032.26,Regular,2019-01-07,11,15380.65,61522.58,New York,United States,DEV0780,4759545089177688,Mastercard
CUST000781,Saanvi,Seshadri,Female,64,Kolkata,West Bengal,India,1603778.34,Gold,2022-06-03,34,80188.92,240566.75,Kolkata,India,DEV0781,4422319646300407,Amex
CUST000782,Ishani,Virk,Other,47,Hyderabad,Telangana,India,786849.38,Regular,2019-10-02,33,15736.99,62947.95,Hyderabad,India,DEV0782,4268943012047134,Amex
CUST000783,Faris,Sawhney,Male,66,Mumbai,Maharashtra,India,2198703.65,Gold,2024-09-21,67,109935.18,329805.55,Mumbai,India,DEV0783,4595749885582984,Mastercard
CUST000784,Henry,Kala,Male,64,Pune,Maharashtra,India,463299.86,Regular,2025-04-22,51,9266.0,37063.99,Pune,India,DEV0784,4847609441283330,Visa
CUST000785,Vedika,Narayan,Other,31,Kolkata,West Bengal,India,509902.96,Regular,2020-01-28,35,10198.06,40792.24,Kolkata,India,DEV0785,5954132971506666,Amex
CUST000786,Frado,Khanna,Male,58,Kolkata,West Bengal,India,1913792.41,Corporate,2024-12-02,39,191379.24,574137.72,Kolkata,India,DEV0786,5377693663439256,Amex
CUST000787,Aadi,Zachariah,Male,52,Mumbai,Maharashtra,India,767526.29,Regular,2021-02-08,35,15350.53,61402.1,Mumbai,India,DEV0787,5028671200720241,Visa
CUST000788,Harsh,Modi,Male,39,Bengaluru,Karnataka,India,4315779.56,Platinum,2022-09-23,31,345262.37,949471.5,Bengaluru,India,DEV0788,4091090326714949,RuPay
CUST000789,Aditya,Gole,Male,60,Mumbai,Maharashtra,India,804057.04,Regular,2020-03-11,15,16081.14,64324.56,Mumbai,India,DEV0789,5281793406527755,RuPay
CUST000790,Pahal,Saran,Other,19,New York,New York,United States,854823.11,Regular,2021-10-11,32,17096.46,68385.85,New York,United States,DEV0790,4453372201091216,Mastercard
CUST000791,Nirja,Ram,Other,46,Mumbai,Maharashtra,India,466273.34,Regular,2024-07-27,21,9325.47,37301.87,Mumbai,India,DEV0791,5593766189437052,Mastercard
CUST000792,Bimala,Dube,Female,45,Mumbai,Maharashtra,India,796728.88,Regular,2023-01-30,12,15934.58,63738.31,Mumbai,India,DEV0792,4462776572565924,RuPay
CUST000793,Bhavini,Banerjee,Female,23,Mumbai,Maharashtra,India,892439.75,Regular,2025-08-24,44,17848.79,71395.18,Mumbai,India,DEV0793,5202389743260053,RuPay
CUST000794,Ranveer,Pandya,Male,35,Mumbai,Maharashtra,India,785810.63,Regular,2019-03-10,42,15716.21,62864.85,Mumbai,India,DEV0794,4833258486899932,Amex
CUST000795,Chameli,Wali,Other,25,Chennai,Tamil Nadu,India,741252.83,Regular,2025-01-15,5,14825.06,59300.23,Chennai,India,DEV0795,4045069176799351,Amex
CUST000796,Manya,Lal,Female,36,Chennai,Tamil Nadu,India,7186905.98,Platinum,2020-10-10,32,574952.48,1581119.32,Chennai,India,DEV0796,4394640830373605,Visa
CUST000797,Eshana,Kalla,Female,35,Pune,Maharashtra,India,814554.85,Regular,2020-08-21,52,16291.1,65164.39,Pune,India,DEV0797,4490793884136852,Visa
CUST000798,Raagini,Prakash,Other,57,Pune,Maharashtra,India,670447.94,Regular,2020-05-23,54,13408.96,53635.83,Pune,India,DEV0798,5701242446263254,RuPay
CUST000799,Ubika,Cherian,Other,66,Mumbai,Maharashtra,India,351119.6,Regular,2020-09-24,53,7022.39,28089.57,Mumbai,India,DEV0799,5103142175188787,RuPay
CUST000800,Qadim,Halder,Male,45,Singapore,Singapore,Singapore,1465184.26,Gold,2018-10-21,35,73259.21,219777.64,Singapore,Singapore,DEV0800,5638409112252882,RuPay
CUST000801,Zaid,Soni,Male,52,Kolkata,West Bengal,India,6859659.24,Platinum,2025-10-01,19,548772.74,1509125.03,Kolkata,India,DEV0801,5618632397913783,RuPay
CUST000802,Odika,Majumdar,Other,68,Kolkata,West Bengal,India,277277.01,Regular,2020-06-27,15,5545.54,22182.16,Kolkata,India,DEV0802,4730950556057127,Mastercard
CUST000803,Indali,Sani,Female,73,Ahmedabad,Gujarat,India,608542.97,Regular,2019-08-01,41,12170.86,48683.44,Ahmedabad,India,DEV0803,5519053486401042,Amex
CUST000804,Azad,Murty,Male,46,Chennai,Tamil Nadu,India,517819.39,Regular,2023-09-28,41,10356.39,41425.55,Chennai,India,DEV0804,4185174460045213,RuPay
CUST000805,William,Nazareth,Male,65,Mumbai,Maharashtra,India,4187995.73,Corporate,2026-06-09,58,418799.57,1256398.72,Mumbai,India,DEV0805,5512939130448812,RuPay
CUST000806,Ishwar,Koshy,Male,59,Pune,Maharashtra,India,965179.89,Gold,2022-03-17,54,48258.99,144776.98,Pune,India,DEV0806,5615402119017076,Visa
CUST000807,Jagrati,Buch,Female,57,Bengaluru,Karnataka,India,614773.81,Regular,2024-07-27,32,12295.48,49181.9,Bengaluru,India,DEV0807,4315229107322837,RuPay
CUST000808,Raksha,Das,Other,42,Hyderabad,Telangana,India,404642.61,Regular,2018-09-26,12,8092.85,32371.41,Hyderabad,India,DEV0808,4639638452696940,Visa
CUST000809,Omisha,Kant,Other,38,Pune,Maharashtra,India,643416.35,Regular,2020-05-29,29,12868.33,51473.31,Pune,India,DEV0809,4016934292913208,Visa
CUST000810,Raagini,Konda,Other,74,London,England,United Kingdom,1112739.31,Gold,2025-07-21,38,55636.97,166910.9,London,United Kingdom,DEV0810,4341903106153725,RuPay
CUST000811,Vyanjana,Banerjee,Female,21,Pune,Maharashtra,India,587262.86,Regular,2022-09-09,31,11745.26,46981.03,Pune,India,DEV0811,4473236533774602,Amex
CUST000812,Januja,Swaminathan,Female,41,Bengaluru,Karnataka,India,827808.85,Regular,2018-11-22,24,16556.18,66224.71,Bengaluru,India,DEV0812,4078436142442609,Amex
CUST000813,Gayathri,Goda,Female,28,Chennai,Tamil Nadu,India,1618948.92,Gold,2022-06-28,39,80947.45,242842.34,Chennai,India,DEV0813,4476427372037637,Visa
CUST000814,Ekanta,Kapur,Female,60,Kolkata,West Bengal,India,698440.1,Regular,2024-03-19,25,13968.8,55875.21,Kolkata,India,DEV0814,4484601913443898,Amex
CUST000815,Meera,Bhatia,Other,71,Delhi,Delhi,India,262720.53,Regular,2023-01-27,23,5254.41,21017.64,Delhi,India,DEV0815,5869507321464493,RuPay
CUST000816,Maanav,Wable,Male,53,Pune,Maharashtra,India,377574.68,Regular,2020-12-12,40,7551.49,30205.97,Pune,India,DEV0816,4350557385736801,Mastercard
CUST000817,Kai,Kala,Male,40,Pune,Maharashtra,India,3627276.43,Platinum,2019-01-31,27,290182.11,798000.82,Pune,India,DEV0817,5681187233351045,Visa
CUST000818,Harita,Chaudhuri,Female,27,Ahmedabad,Gujarat,India,3014156.27,Platinum,2019-04-14,39,241132.5,663114.38,Ahmedabad,India,DEV0818,4391149830748204,Amex
CUST000819,Indira,Dhar,Female,57,Mumbai,Maharashtra,India,628871.49,Regular,2019-12-20,39,12577.43,50309.72,Mumbai,India,DEV0819,4940655782019049,Mastercard
CUST000820,Advik,Parekh,Male,18,London,England,United Kingdom,1213369.69,Gold,2021-01-31,14,60668.48,182005.45,London,United Kingdom,DEV0820,5332470739201352,Mastercard
CUST000821,Eshana,Prashad,Other,29,Mumbai,Maharashtra,India,3374878.79,Platinum,2026-08-18,26,269990.3,742473.33,Mumbai,India,DEV0821,4602508261123122,Amex
CUST000822,Tanveer,Dada,Male,65,Bengaluru,Karnataka,India,588170.21,Regular,2026-09-03,60,11763.4,47053.62,Bengaluru,India,DEV0822,5889957298937627,RuPay
CUST000823,Janani,Rattan,Female,39,Chennai,Tamil Nadu,India,2381940.98,Gold,2018-09-24,14,119097.05,357291.15,Chennai,India,DEV0823,5036468719120380,Amex
CUST000824,Nisha,Pingle,Other,21,Bengaluru,Karnataka,India,366865.19,Regular,2025-08-30,5,7337.3,29349.21,Bengaluru,India,DEV0824,4323089813881587,RuPay
CUST000825,Bhavini,Dhawan,Female,38,Kolkata,West Bengal,India,788271.57,Regular,2022-09-10,5,15765.43,63061.73,Kolkata,India,DEV0825,5067323182971684,Amex
CUST000826,Patrick,Nazareth,Male,53,Chennai,Tamil Nadu,India,2681885.21,Corporate,2022-02-22,35,268188.52,804565.56,Chennai,India,DEV0826,5000001529113710,Visa
CUST000827,Lila,Yogi,Other,69,Delhi,Delhi,India,2481444.65,Gold,2026-03-12,35,124072.23,372216.7,Delhi,India,DEV0827,5561844421829986,Amex
CUST000828,Bishakha,Shetty,Other,42,Mumbai,Maharashtra,India,785832.07,Regular,2018-12-24,32,15716.64,62866.57,Mumbai,India,DEV0828,4489056708670092,RuPay
CUST000829,Gabriel,Khosla,Male,38,Pune,Maharashtra,India,471967.94,Regular,2018-09-26,56,9439.36,37757.44,Pune,India,DEV0829,5584826691362482,RuPay
CUST000830,Hemangini,Tella,Other,61,London,England,United Kingdom,784025.84,Regular,2026-01-06,5,15680.52,62722.07,London,United Kingdom,DEV0830,5960807063369981,Visa
CUST000831,Tanvi,Sant,Other,55,Bengaluru,Karnataka,India,289462.65,Regular,2021-12-06,42,5789.25,23157.01,Bengaluru,India,DEV0831,4016481880442877,Mastercard
CUST000832,Hemal,Hora,Female,33,Hyderabad,Telangana,India,291707.85,Regular,2018-09-26,63,5834.16,23336.63,Hyderabad,India,DEV0832,4432126942894645,Mastercard
CUST000833,Adweta,Puri,Female,42,Bengaluru,Karnataka,India,721398.56,Regular,2020-12-16,14,14427.97,57711.88,Bengaluru,India,DEV0833,5863144170646255,Visa
CUST000834,Jairaj,Gill,Male,21,Pune,Maharashtra,India,2053798.6,Gold,2023-05-13,28,102689.93,308069.79,Pune,India,DEV0834,4558243017646442,Mastercard
CUST000835,Tripti,Chandran,Other,48,Mumbai,Maharashtra,India,611458.71,Regular,2019-03-05,21,12229.17,48916.7,Mumbai,India,DEV0835,4882452790504043,Mastercard
CUST000836,Zaid,Dugar,Male,48,Kolkata,West Bengal,India,592038.14,Regular,2020-11-19,18,11840.76,47363.05,Kolkata,India,DEV0836,4951632111978713,Mastercard
CUST000837,Darsh,Bajaj,Male,62,Mumbai,Maharashtra,India,1216784.24,Gold,2021-05-31,29,60839.21,182517.64,Mumbai,India,DEV0837,4326530601198751,Amex
CUST000838,Adweta,More,Other,24,Pune,Maharashtra,India,2052457.71,Gold,2023-08-08,60,102622.89,307868.66,Pune,India,DEV0838,4800230091561822,Mastercard
CUST000839,Radhika,Khatri,Other,33,Pune,Maharashtra,India,663941.73,Regular,2019-05-04,68,13278.83,53115.34,Pune,India,DEV0839,4744916093659528,RuPay
CUST000840,Vamakshi,Butala,Other,33,London,England,United Kingdom,7289628.78,Platinum,2018-09-19,28,583170.3,1603718.33,London,United Kingdom,DEV0840,4941843368750924,Mastercard
CUST000841,Kavya,Manne,Other,34,Bengaluru,Karnataka,India,3622989.17,Corporate,2025-09-03,69,362298.92,1086896.75,Bengaluru,India,DEV0841,5821374556114042,Visa
CUST000842,Januja,Narasimhan,Female,70,Delhi,Delhi,India,1439986.9,Gold,2020-12-28,35,71999.34,215998.03,Delhi,India,DEV0842,4766608112600309,RuPay
CUST000843,Kashvi,Saraf,Female,47,Pune,Maharashtra,India,2986088.61,Platinum,2023-02-16,66,238887.09,656939.49,Pune,India,DEV0843,4062715312345504,Amex
CUST000844,Ishita,Modi,Other,49,Mumbai,Maharashtra,India,800830.62,Regular,2024-08-17,33,16016.61,64066.45,Mumbai,India,DEV0844,5682938440134807,Mastercard
CUST000845,Ria,Bajwa,Female,71,Chennai,Tamil Nadu,India,810841.89,Regular,2023-04-03,37,16216.84,64867.35,Chennai,India,DEV0845,4882603359101578,RuPay
CUST000846,Upasna,Acharya,Other,42,Mumbai,Maharashtra,India,4071704.28,Platinum,2019-09-07,41,325736.34,895774.94,Mumbai,India,DEV0846,5207492699969964,Visa
CUST000847,Suhani,Parekh,Other,66,Chennai,Tamil Nadu,India,759294.99,Regular,2020-03-10,92,15185.9,60743.6,Chennai,India,DEV0847,4969325914084993,Mastercard
CUST000848,Jacob,Pai,Male,64,Bengaluru,Karnataka,India,6938925.78,Platinum,2026-07-22,50,555114.06,1526563.67,Bengaluru,India,DEV0848,4342669806908720,Amex
CUST000849,Warhi,Bhatia,Female,44,Delhi,Delhi,India,1178263.4,Gold,2026-08-13,22,58913.17,176739.51,Delhi,India,DEV0849,5348389359538288,Visa
CUST000850,Krishna,Kar,Female,70,New York,New York,United States,3147929.04,Platinum,2018-11-07,52,251834.32,692544.39,New York,United States,DEV0850,4299650826958267,Amex
CUST000851,Vinaya,Chawla,Other,46,Pune,Maharashtra,India,659729.34,Regular,2022-08-15,28,13194.59,52778.35,Pune,India,DEV0851,5308761238595142,Amex
CUST000852,Ojasvi,Virk,Other,74,Bengaluru,Karnataka,India,767584.32,Regular,2020-02-04,26,15351.69,61406.75,Bengaluru,India,DEV0852,4484002730086964,Visa
CUST000853,Luke,Banik,Male,36,Pune,Maharashtra,India,298786.88,Regular,2021-02-28,51,5975.74,23902.95,Pune,India,DEV0853,5395001680941492,Visa
CUST000854,Watika,Randhawa,Female,25,Pune,Maharashtra,India,2280637.59,Gold,2025-10-25,35,114031.88,342095.64,Pune,India,DEV0854,5839762053440779,Amex
CUST000855,Girish,Das,Male,69,Delhi,Delhi,India,1618440.14,Gold,2021-05-01,40,80922.01,242766.02,Delhi,India,DEV0855,4266292508177606,RuPay
CUST000856,Charles,Chada,Male,33,Pune,Maharashtra,India,3861213.47,Corporate,2019-10-01,35,386121.35,1158364.04,Pune,India,DEV0856,4413337312552355,Amex
CUST000857,Xiti,Sathe,Other,33,Mumbai,Maharashtra,India,383196.08,Regular,2024-11-29,41,7663.92,30655.69,Mumbai,India,DEV0857,5211920613638522,RuPay
CUST000858,Watika,Mangat,Female,59,Mumbai,Maharashtra,India,540868.08,Regular,2022-02-22,42,10817.36,43269.45,Mumbai,India,DEV0858,4844490295026484,Amex
CUST000859,Urishilla,Bajaj,Female,26,Chennai,Tamil Nadu,India,2327776.28,Corporate,2019-02-28,5,232777.63,698332.88,Chennai,India,DEV0859,4341678127782215,Visa
CUST000860,Divya,Mandal,Female,71,Dubai,Dubai,UAE,375700.51,Regular,2019-09-14,46,7514.01,30056.04,Dubai,UAE,DEV0860,4862985797363830,RuPay
CUST000861,Divya,Anand,Female,46,Delhi,Delhi,India,622076.49,Regular,2019-01-23,17,12441.53,49766.12,Delhi,India,DEV0861,4707986617706734,Visa
CUST000862,Dayamai,Sahota,Female,20,Delhi,Delhi,India,343359.16,Regular,2023-07-06,9,6867.18,27468.73,Delhi,India,DEV0862,5223552165058711,Mastercard
CUST000863,Anika,Deep,Other,23,Mumbai,Maharashtra,India,750558.63,Regular,2025-04-03,33,15011.17,60044.69,Mumbai,India,DEV0863,5219259679089843,RuPay
CUST000864,Megha,Reddy,Other,32,Delhi,Delhi,India,1944059.28,Corporate,2024-05-30,36,194405.93,583217.79,Delhi,India,DEV0864,4050938694842493,Visa
CUST000865,Nandini,Nagar,Female,24,Kolkata,West Bengal,India,604700.05,Regular,2024-09-20,22,12094.0,48376.0,Kolkata,India,DEV0865,4707152386767384,Amex
CUST000866,Falguni,Desai,Female,35,Pune,Maharashtra,India,2441637.82,Gold,2020-07-31,49,122081.89,366245.67,Pune,India,DEV0866,4177987682996876,RuPay
CUST000867,Sai,Bava,Other,20,Hyderabad,Telangana,India,737346.91,Regular,2018-10-20,10,14746.94,58987.75,Hyderabad,India,DEV0867,5858062350405662,Amex
CUST000868,Omya,Krish,Other,23,Delhi,Delhi,India,331136.56,Regular,2019-06-13,27,6622.73,26490.92,Delhi,India,DEV0868,5482554428679632,RuPay
CUST000869,Faqid,Trivedi,Male,20,Hyderabad,Telangana,India,1112956.65,Gold,2019-10-03,24,55647.83,166943.5,Hyderabad,India,DEV0869,4894633891562410,RuPay
CUST000870,Warhi,Rege,Other,68,New York,New York,United States,864265.85,Regular,2025-02-07,34,17285.32,69141.27,New York,United States,DEV0870,4629269335895131,Amex
CUST000871,Urvashi,Naidu,Female,50,Kolkata,West Bengal,India,669783.54,Regular,2021-11-26,40,13395.67,53582.68,Kolkata,India,DEV0871,4846850957443036,Visa
CUST000872,Finn,Sem,Male,45,Ahmedabad,Gujarat,India,357129.68,Regular,2024-01-20,16,7142.59,28570.37,Ahmedabad,India,DEV0872,5385934015364152,Visa
CUST000873,Lavanya,Narang,Female,52,Kolkata,West Bengal,India,390787.32,Regular,2021-07-10,48,7815.75,31262.99,Kolkata,India,DEV0873,5259367813675004,Mastercard
CUST000874,Avni,Pradhan,Other,21,Mumbai,Maharashtra,India,750343.6,Regular,2026-04-02,36,15006.87,60027.49,Mumbai,India,DEV0874,4105276981987801,Amex
CUST000875,Isaiah,Kanda,Male,47,Chennai,Tamil Nadu,India,402756.46,Regular,2023-05-21,5,8055.13,32220.52,Chennai,India,DEV0875,5888562258660598,Amex
CUST000876,Lavanya,Bhalla,Other,32,Ahmedabad,Gujarat,India,810685.24,Regular,2024-08-22,5,16213.7,64854.82,Ahmedabad,India,DEV0876,4275854859655945,RuPay
CUST000877,Niharika,Kar,Other,75,Mumbai,Maharashtra,India,4343462.6,Corporate,2019-10-10,34,434346.26,1303038.78,Mumbai,India,DEV0877,4650200024539319,Visa
CUST000878,Mugdha,Saxena,Female,24,Kolkata,West Bengal,India,253620.31,Regular,2024-10-12,31,5072.41,20289.62,Kolkata,India,DEV0878,5570836821444885,Amex
CUST000879,Yauvani,Ramaswamy,Other,23,Ahmedabad,Gujarat,India,876011.93,Regular,2021-08-16,33,17520.24,70080.95,Ahmedabad,India,DEV0879,4367746202582541,Mastercard
CUST000880,Jairaj,Bora,Male,38,London,England,United Kingdom,1204677.95,Gold,2024-07-26,34,60233.9,180701.69,London,United Kingdom,DEV0880,5123920491060180,RuPay
CUST000881,Charvi,Kothari,Female,52,Bengaluru,Karnataka,India,609284.9,Regular,2024-05-15,39,12185.7,48742.79,Bengaluru,India,DEV0881,5508276817225778,RuPay
CUST000882,Ria,Bhavsar,Other,40,Chennai,Tamil Nadu,India,496291.24,Regular,2023-03-14,52,9925.82,39703.3,Chennai,India,DEV0882,4905291876831609,Amex
CUST000883,Advik,Aurora,Male,61,Ahmedabad,Gujarat,India,547158.38,Regular,2023-06-14,15,10943.17,43772.67,Ahmedabad,India,DEV0883,4337399205222990,Amex
CUST000884,Liam,Arora,Male,71,Mumbai,Maharashtra,India,2179044.74,Gold,2020-08-25,13,108952.24,326856.71,Mumbai,India,DEV0884,5914388232553982,RuPay
CUST000885,Isha,Nori,Female,30,Pune,Maharashtra,India,721110.94,Regular,2023-04-23,15,14422.22,57688.88,Pune,India,DEV0885,4773264309544971,Mastercard
CUST000886,Yashoda,Virk,Female,72,Ahmedabad,Gujarat,India,621178.09,Regular,2024-06-30,40,12423.56,49694.25,Ahmedabad,India,DEV0886,4712053978713757,Mastercard
CUST000887,Ranveer,Luthra,Male,49,Delhi,Delhi,India,6640119.4,Platinum,2021-11-15,57,531209.55,1460826.27,Delhi,India,DEV0887,5125608320048798,RuPay
CUST000888,Watika,Andra,Other,18,Hyderabad,Telangana,India,2055271.17,Gold,2018-10-02,27,102763.56,308290.68,Hyderabad,India,DEV0888,4585238600304439,RuPay
CUST000889,Baljiwan,Bhatti,Male,52,Ahmedabad,Gujarat,India,792869.65,Regular,2022-05-30,5,15857.39,63429.57,Ahmedabad,India,DEV0889,5239102929501439,Mastercard
CUST000890,Qarin,Desai,Male,27,Dubai,Dubai,UAE,3517922.11,Corporate,2022-05-08,5,351792.21,1055376.63,Dubai,UAE,DEV0890,4713971912602212,Visa
CUST000891,Tanmayi,Mani,Other,40,Ahmedabad,Gujarat,India,739228.91,Regular,2023-06-19,20,14784.58,59138.31,Ahmedabad,India,DEV0891,4201911166122019,Amex
CUST000892,Lakshit,Bajwa,Male,59,Kolkata,West Bengal,India,2380849.05,Gold,2025-12-22,24,119042.45,357127.36,Kolkata,India,DEV0892,4733930493665386,Amex
CUST000893,Ridhi,Divan,Other,40,Chennai,Tamil Nadu,India,1065807.31,Gold,2026-03-25,27,53290.37,159871.1,Chennai,India,DEV0893,4421140868250958,RuPay
CUST000894,Zansi,Bora,Female,34,Bengaluru,Karnataka,India,785104.82,Regular,2019-02-21,35,15702.1,62808.39,Bengaluru,India,DEV0894,4355610399529709,Amex
CUST000895,Banjeet,Gokhale,Male,21,Bengaluru,Karnataka,India,525510.38,Regular,2022-04-13,29,10510.21,42040.83,Bengaluru,India,DEV0895,5585856423041201,Visa
CUST000896,Zaitra,Chana,Female,72,Mumbai,Maharashtra,India,355270.01,Regular,2021-09-07,53,7105.4,28421.6,Mumbai,India,DEV0896,5387402990716695,Mastercard
CUST000897,Rudra,Nori,Male,55,Bengaluru,Karnataka,India,5420759.6,Platinum,2026-07-14,22,433660.77,1192567.11,Bengaluru,India,DEV0897,5155420340301096,Amex
CUST000898,Wakeeta,Kannan,Other,68,Ahmedabad,Gujarat,India,830477.65,Regular,2021-12-03,19,16609.55,66438.21,Ahmedabad,India,DEV0898,4491579554623476,RuPay
CUST000899,Aashi,Biswas,Female,32,Pune,Maharashtra,India,278680.34,Regular,2021-10-02,43,5573.61,22294.43,Pune,India,DEV0899,5018103068317641,Mastercard
CUST000900,Unni,Kale,Female,52,London,England,United Kingdom,585953.75,Regular,2022-02-09,7,11719.08,46876.3,London,United Kingdom,DEV0900,5571290150713808,Visa
CUST000901,Indrajit,Madan,Male,30,Delhi,Delhi,India,398972.85,Regular,2019-11-15,42,7979.46,31917.83,Delhi,India,DEV0901,5104584743621307,Mastercard
CUST000902,Vrishti,Lal,Female,71,Kolkata,West Bengal,India,707215.04,Regular,2021-11-09,36,14144.3,56577.2,Kolkata,India,DEV0902,5947031805339629,Amex
CUST000903,Veda,Goel,Female,21,Pune,Maharashtra,India,2934133.77,Platinum,2021-10-22,32,234730.7,645509.43,Pune,India,DEV0903,5918327000466617,Visa
CUST000904,Elijah,Nadig,Male,57,Mumbai,Maharashtra,India,632534.29,Regular,2025-05-12,63,12650.69,50602.74,Mumbai,India,DEV0904,5714004938819492,Mastercard
CUST000905,Pooja,Goyal,Other,46,Mumbai,Maharashtra,India,361878.37,Regular,2026-05-11,23,7237.57,28950.27,Mumbai,India,DEV0905,4499809497698730,Amex
CUST000906,Vedika,Prabhu,Other,23,Ahmedabad,Gujarat,India,2201864.49,Gold,2026-02-18,72,110093.22,330279.67,Ahmedabad,India,DEV0906,5698416612374077,Mastercard
CUST000907,Omkaar,Zacharia,Male,19,Bengaluru,Karnataka,India,1599029.92,Gold,2018-12-06,30,79951.5,239854.49,Bengaluru,India,DEV0907,4389949919701420,Visa
CUST000908,Charles,Jayaraman,Male,74,Ahmedabad,Gujarat,India,549482.17,Regular,2020-09-07,12,10989.64,43958.57,Ahmedabad,India,DEV0908,5821160204181358,Mastercard
CUST000909,Pratyush,Oommen,Male,65,Mumbai,Maharashtra,India,4868817.3,Corporate,2022-05-26,36,486881.73,1460645.19,Mumbai,India,DEV0909,5889480186448221,RuPay
CUST000910,Kashish,Nagy,Other,51,Dubai,Dubai,UAE,536229.84,Regular,2025-12-29,15,10724.6,42898.39,Dubai,UAE,DEV0910,4857082004806758,Mastercard
CUST000911,Jackson,Shanker,Male,21,Pune,Maharashtra,India,444711.19,Regular,2021-03-01,21,8894.22,35576.89,Pune,India,DEV0911,5611287942968827,Amex
CUST000912,Vedika,Banik,Other,59,Delhi,Delhi,India,632747.09,Regular,2023-05-06,42,12654.94,50619.77,Delhi,India,DEV0912,5314196156078323,Mastercard
CUST000913,Chasmum,Badal,Female,52,Pune,Maharashtra,India,756369.95,Regular,2026-06-04,45,15127.4,60509.6,Pune,India,DEV0913,5796240964966837,Visa
CUST000914,Qushi,Saraf,Female,49,Ahmedabad,Gujarat,India,348598.11,Regular,2022-07-31,23,6971.96,27887.85,Ahmedabad,India,DEV0914,4702851622593644,Visa
CUST000915,Vyanjana,Roy,Other,42,Hyderabad,Telangana,India,510084.85,Regular,2021-12-24,52,10201.7,40806.79,Hyderabad,India,DEV0915,5839062467287998,Visa
CUST000916,Wakeeta,Sheth,Other,68,Mumbai,Maharashtra,India,298004.48,Regular,2022-10-24,55,5960.09,23840.36,Mumbai,India,DEV0916,4193592361337600,Mastercard
CUST000917,Harish,Sura,Male,28,Chennai,Tamil Nadu,India,582178.32,Regular,2025-07-25,60,11643.57,46574.27,Chennai,India,DEV0917,4650254472419169,Mastercard
CUST000918,Nidhi,Nadkarni,Other,59,Chennai,Tamil Nadu,India,762003.68,Regular,2024-12-21,44,15240.07,60960.29,Chennai,India,DEV0918,4661771824989803,Amex
CUST000919,Yasti,Sodhi,Female,19,Bengaluru,Karnataka,India,301752.65,Regular,2023-01-20,59,6035.05,24140.21,Bengaluru,India,DEV0919,4468135926648695,Amex
CUST000920,Damyanti,Nagy,Other,30,New York,New York,United States,579370.07,Regular,2021-11-02,5,11587.4,46349.61,New York,United States,DEV0920,4941559450119298,Amex
CUST000921,Kashvi,Mallick,Female,57,Hyderabad,Telangana,India,1510383.85,Gold,2024-01-07,29,75519.19,226557.58,Hyderabad,India,DEV0921,5051171603988632,Mastercard
CUST000922,Eiravati,Chadha,Female,54,Bengaluru,Karnataka,India,626524.75,Regular,2023-12-14,19,12530.5,50121.98,Bengaluru,India,DEV0922,5559067000994240,Mastercard
CUST000923,Gaurav,Verma,Male,66,Chennai,Tamil Nadu,India,4995240.04,Corporate,2026-02-10,37,499524.0,1498572.01,Chennai,India,DEV0923,5489667605642040,RuPay
CUST000924,Mohini,Gola,Female,50,Ahmedabad,Gujarat,India,830101.35,Regular,2020-06-15,24,16602.03,66408.11,Ahmedabad,India,DEV0924,5974533890623543,Mastercard
CUST000925,Libni,Dhingra,Other,50,Bengaluru,Karnataka,India,1438411.73,Gold,2026-01-22,32,71920.59,215761.76,Bengaluru,India,DEV0925,4401659953006228,Mastercard
CUST000926,Pooja,Biswas,Female,44,Bengaluru,Karnataka,India,4293671.65,Corporate,2023-12-31,68,429367.17,1288101.5,Bengaluru,India,DEV0926,4677462591601129,Visa
CUST000927,Ekaja,Puri,Female,64,Chennai,Tamil Nadu,India,586095.18,Regular,2021-04-14,31,11721.9,46887.61,Chennai,India,DEV0927,4600801798677826,Mastercard
CUST000928,Osha,Edwin,Other,30,Kolkata,West Bengal,India,760635.76,Regular,2019-02-17,42,15212.72,60850.86,Kolkata,India,DEV0928,5047264261212036,Mastercard
CUST000929,Krisha,Dash,Other,19,Ahmedabad,Gujarat,India,529554.42,Regular,2020-11-05,30,10591.09,42364.35,Ahmedabad,India,DEV0929,4968078525482424,RuPay
CUST000930,Diya,Pandit,Female,20,Singapore,Singapore,Singapore,2467917.22,Gold,2021-06-22,36,123395.86,370187.58,Singapore,Singapore,DEV0930,4400644547523115,Mastercard
CUST000931,Bhavani,Palla,Other,24,Ahmedabad,Gujarat,India,599223.49,Regular,2020-03-08,35,11984.47,47937.88,Ahmedabad,India,DEV0931,5791776334272032,Mastercard
CUST000932,Finn,Bhatti,Male,25,Ahmedabad,Gujarat,India,258200.13,Regular,2024-08-20,43,5164.0,20656.01,Ahmedabad,India,DEV0932,4801963045306936,RuPay
CUST000933,Sanaya,Edwin,Other,62,Hyderabad,Telangana,India,399186.95,Regular,2023-11-11,55,7983.74,31934.96,Hyderabad,India,DEV0933,4400181677848162,RuPay
CUST000934,Turvi,Naidu,Female,29,Chennai,Tamil Nadu,India,4844290.27,Corporate,2019-09-06,64,484429.03,1453287.08,Chennai,India,DEV0934,4446083851799379,Visa
CUST000935,Deepa,Jaggi,Other,32,Kolkata,West Bengal,India,637241.67,Regular,2025-03-08,40,12744.83,50979.33,Kolkata,India,DEV0935,4287884869996987,Visa
CUST000936,Lekha,Jani,Female,20,Kolkata,West Bengal,India,707000.42,Regular,2022-11-23,45,14140.01,56560.03,Kolkata,India,DEV0936,5714724630198645,Mastercard
CUST000937,Ekalinga,Narang,Male,22,Hyderabad,Telangana,India,355777.12,Regular,2023-02-25,14,7115.54,28462.17,Hyderabad,India,DEV0937,4339121870629321,Mastercard
CUST000938,Siddharth,Datta,Male,35,Bengaluru,Karnataka,India,780539.32,Regular,2023-09-06,33,15610.79,62443.15,Bengaluru,India,DEV0938,5023200186766104,Amex
CUST000939,Hritik,Basu,Male,70,Delhi,Delhi,India,781589.41,Regular,2019-01-09,51,15631.79,62527.15,Delhi,India,DEV0939,5356140384531981,RuPay
CUST000940,Idika,Yogi,Female,47,Dubai,Dubai,UAE,451064.51,Regular,2020-08-08,50,9021.29,36085.16,Dubai,UAE,DEV0940,5951003076205456,Amex
CUST000941,Krish,Palla,Male,34,Kolkata,West Bengal,India,697870.55,Regular,2024-01-19,38,13957.41,55829.64,Kolkata,India,DEV0941,4666641106541135,Amex
CUST000942,Vasana,Palla,Other,29,Kolkata,West Bengal,India,649177.03,Regular,2026-05-06,50,12983.54,51934.16,Kolkata,India,DEV0942,5949708905836687,Mastercard
CUST000943,Ikshita,Ramesh,Female,18,Pune,Maharashtra,India,644506.61,Regular,2021-08-28,43,12890.13,51560.53,Pune,India,DEV0943,5083868889178790,Visa
CUST000944,Brinda,Singh,Female,56,Pune,Maharashtra,India,544797.29,Regular,2022-05-28,56,10895.95,43583.78,Pune,India,DEV0944,4197609320126578,Amex
CUST000945,Liam,Solanki,Male,74,Chennai,Tamil Nadu,India,3436536.07,Corporate,2024-11-07,40,343653.61,1030960.82,Chennai,India,DEV0945,4095217558517776,Mastercard
CUST000946,Yoshita,Goda,Female,69,Chennai,Tamil Nadu,India,370170.84,Regular,2023-11-05,28,7403.42,29613.67,Chennai,India,DEV0946,4118824199626424,Amex
CUST000947,Kavya,Chand,Female,21,Mumbai,Maharashtra,India,777255.79,Regular,2020-09-30,41,15545.12,62180.46,Mumbai,India,DEV0947,4454218545705684,Mastercard
CUST000948,Jagdish,Mahal,Male,35,Kolkata,West Bengal,India,250039.56,Regular,2025-04-25,5,5000.79,20003.17,Kolkata,India,DEV0948,5900163564072329,Mastercard
CUST000949,Vaishnavi,Mannan,Other,74,Bengaluru,Karnataka,India,3638592.9,Corporate,2019-10-17,41,363859.29,1091577.87,Bengaluru,India,DEV0949,4400178822473125,Amex
CUST000950,Saumya,Acharya,Other,69,Singapore,Singapore,Singapore,292842.21,Regular,2024-11-03,5,5856.84,23427.38,Singapore,Singapore,DEV0950,5580119509271159,Visa
CUST000951,Maya,Batra,Other,72,Delhi,Delhi,India,1263860.43,Gold,2022-03-02,5,63193.02,189579.06,Delhi,India,DEV0951,5709230071695004,Visa
CUST000952,Rachita,Gopal,Other,69,Chennai,Tamil Nadu,India,462698.72,Regular,2025-09-21,43,9253.97,37015.9,Chennai,India,DEV0952,5432987698936524,RuPay
CUST000953,Anusha,Aggarwal,Female,28,Mumbai,Maharashtra,India,726256.6,Regular,2026-04-14,43,14525.13,58100.53,Mumbai,India,DEV0953,5982734813104507,Amex
CUST000954,Warinder,Mall,Male,44,Bengaluru,Karnataka,India,830061.21,Regular,2025-10-27,14,16601.22,66404.9,Bengaluru,India,DEV0954,4357483526806480,Amex
CUST000955,Unnati,Golla,Female,37,Hyderabad,Telangana,India,392369.11,Regular,2020-12-23,22,7847.38,31389.53,Hyderabad,India,DEV0955,4448838425364629,RuPay
CUST000956,Vedhika,Sharma,Female,20,Delhi,Delhi,India,538816.78,Regular,2024-10-04,59,10776.34,43105.34,Delhi,India,DEV0956,4406579551562393,Visa
CUST000957,Gaurangi,Gokhale,Other,25,Kolkata,West Bengal,India,2635933.57,Corporate,2025-05-08,26,263593.36,790780.07,Kolkata,India,DEV0957,4074091311178614,Mastercard
CUST000958,Brinda,Oak,Female,67,Chennai,Tamil Nadu,India,1612296.34,Gold,2025-07-10,75,80614.82,241844.45,Chennai,India,DEV0958,4602206953541203,Mastercard
CUST000959,Chakrika,Sethi,Female,34,Kolkata,West Bengal,India,2340156.49,Gold,2019-12-18,34,117007.82,351023.47,Kolkata,India,DEV0959,5500260151532597,RuPay
CUST000960,Chakradev,Nagy,Male,53,New York,New York,United States,871310.07,Regular,2020-12-18,42,17426.2,69704.81,New York,United States,DEV0960,4717327980595032,Visa
CUST000961,Anika,Chauhan,Female,29,Chennai,Tamil Nadu,India,3677142.44,Corporate,2025-07-25,64,367714.24,1103142.73,Chennai,India,DEV0961,5403910452036083,Visa
CUST000962,Manan,Chacko,Male,43,Chennai,Tamil Nadu,India,2355771.65,Gold,2024-05-03,37,117788.58,353365.75,Chennai,India,DEV0962,5359928553595209,Visa
CUST000963,Parth,Lad,Male,34,Delhi,Delhi,India,566480.3,Regular,2020-08-07,16,11329.61,45318.42,Delhi,India,DEV0963,4900696801867740,Amex
CUST000964,Vritti,Bhalla,Other,45,Chennai,Tamil Nadu,India,1100490.22,Gold,2023-08-26,33,55024.51,165073.53,Chennai,India,DEV0964,5339449530067761,RuPay
CUST000965,Chandran,Bhalla,Male,71,Hyderabad,Telangana,India,476160.25,Regular,2024-09-21,34,9523.21,38092.82,Hyderabad,India,DEV0965,4017365426241782,Visa
CUST000966,Yasti,Brahmbhatt,Other,29,Bengaluru,Karnataka,India,1816291.47,Gold,2025-10-17,10,90814.57,272443.72,Bengaluru,India,DEV0966,4233451100906055,Amex
CUST000967,Jagrati,Bansal,Other,23,Chennai,Tamil Nadu,India,348453.43,Regular,2023-04-18,30,6969.07,27876.27,Chennai,India,DEV0967,5116673290457590,RuPay
CUST000968,Yachana,Dugal,Other,42,Bengaluru,Karnataka,India,635722.41,Regular,2021-04-18,21,12714.45,50857.79,Bengaluru,India,DEV0968,4964260336202752,Visa
CUST000969,Indali,Manda,Female,58,Ahmedabad,Gujarat,India,4614748.46,Corporate,2023-12-21,51,461474.85,1384424.54,Ahmedabad,India,DEV0969,4920711523802364,Mastercard
CUST000970,Balveer,Bala,Male,69,Singapore,Singapore,Singapore,3335515.24,Corporate,2021-10-30,35,333551.52,1000654.57,Singapore,Singapore,DEV0970,5189705916118634,RuPay
CUST000971,Bimala,Devi,Other,56,Mumbai,Maharashtra,India,2309159.29,Gold,2021-07-29,29,115457.96,346373.89,Mumbai,India,DEV0971,4977216880053783,Visa
CUST000972,Sneha,Banik,Other,50,Pune,Maharashtra,India,1147317.13,Gold,2023-11-15,33,57365.86,172097.57,Pune,India,DEV0972,4972845401822724,Mastercard
CUST000973,Hemani,Dasgupta,Other,52,Hyderabad,Telangana,India,1758647.32,Gold,2025-05-18,39,87932.37,263797.1,Hyderabad,India,DEV0973,5322041447432817,RuPay
CUST000974,Varsha,Sood,Other,28,Hyderabad,Telangana,India,1977002.01,Gold,2022-09-06,46,98850.1,296550.3,Hyderabad,India,DEV0974,4020304232277529,RuPay
CUST000975,Kritika,Mistry,Other,27,Hyderabad,Telangana,India,754949.96,Regular,2024-01-02,17,15099.0,60396.0,Hyderabad,India,DEV0975,5281650646300591,Amex
CUST000976,Radha,Narain,Female,38,Kolkata,West Bengal,India,629965.43,Regular,2026-04-14,16,12599.31,50397.23,Kolkata,India,DEV0976,4983210291617465,Mastercard
CUST000977,Siya,Khurana,Other,43,Hyderabad,Telangana,India,760352.83,Regular,2019-02-18,54,15207.06,60828.23,Hyderabad,India,DEV0977,5438419662291310,Visa
CUST000978,Falak,Buch,Other,26,Delhi,Delhi,India,612167.03,Regular,2021-01-18,27,12243.34,48973.36,Delhi,India,DEV0978,4566706362198651,RuPay
CUST000979,Sudiksha,Johal,Other,58,Chennai,Tamil Nadu,India,2153156.12,Gold,2020-06-20,9,107657.81,322973.42,Chennai,India,DEV0979,5407663493396508,Mastercard
CUST000980,Lakshmi,Roy,Female,47,Dubai,Dubai,UAE,359813.15,Regular,2025-09-09,42,7196.26,28785.05,Dubai,UAE,DEV0980,4261142436258543,Visa
CUST000981,Indira,Vala,Other,44,Ahmedabad,Gujarat,India,3579414.9,Corporate,2024-01-28,43,357941.49,1073824.47,Ahmedabad,India,DEV0981,5919623419964330,Mastercard
CUST000982,Jeremiah,Sheth,Male,31,Chennai,Tamil Nadu,India,4909379.1,Corporate,2020-08-18,7,490937.91,1472813.73,Chennai,India,DEV0982,5250583334303115,Amex
CUST000983,Noah,Varghese,Male,62,Kolkata,West Bengal,India,2434766.64,Corporate,2021-06-02,39,243476.66,730429.99,Kolkata,India,DEV0983,5769475769453539,Amex
CUST000984,Amruta,Chawla,Female,40,Pune,Maharashtra,India,723286.74,Regular,2024-12-06,48,14465.73,57862.94,Pune,India,DEV0984,5861634212545089,RuPay
CUST000985,Libni,Dayal,Other,19,Mumbai,Maharashtra,India,3519506.25,Platinum,2018-11-13,41,281560.5,774291.38,Mumbai,India,DEV0985,5692559664721309,Mastercard
CUST000986,Daksh,Lad,Male,40,Kolkata,West Bengal,India,1841602.11,Gold,2022-09-05,46,92080.11,276240.32,Kolkata,India,DEV0986,5142614048933264,RuPay
CUST000987,Nitara,Buch,Female,43,Hyderabad,Telangana,India,989338.46,Gold,2023-02-24,9,49466.92,148400.77,Hyderabad,India,DEV0987,4963731008178527,Visa
CUST000988,Hiral,Lall,Female,18,Ahmedabad,Gujarat,India,856145.8,Regular,2019-11-10,40,17122.92,68491.66,Ahmedabad,India,DEV0988,5452354268744709,Mastercard
CUST000989,Amruta,Nadkarni,Other,20,Bengaluru,Karnataka,India,7635673.57,Platinum,2023-06-21,29,610853.89,1679848.19,Bengaluru,India,DEV0989,4086523777296651,Mastercard
CUST000990,Charvi,Boase,Female,52,London,England,United Kingdom,842167.38,Regular,2019-10-01,26,16843.35,67373.39,London,United Kingdom,DEV0990,4052781055800026,Mastercard
CUST000991,Zayyan,Chad,Male,67,Chennai,Tamil Nadu,India,551024.55,Regular,2021-08-24,50,11020.49,44081.96,Chennai,India,DEV0991,4316094391368173,Mastercard
CUST000992,Avi,Pillay,Male,34,Hyderabad,Telangana,India,474811.09,Regular,2022-08-30,61,9496.22,37984.89,Hyderabad,India,DEV0992,4286209297352596,Mastercard
CUST000993,Liam,Sandhu,Male,57,Bengaluru,Karnataka,India,700596.25,Regular,2025-06-18,67,14011.93,56047.7,Bengaluru,India,DEV0993,4739389920457356,Mastercard
CUST000994,Bishakha,Narula,Female,75,Pune,Maharashtra,India,477505.25,Regular,2021-04-28,58,9550.1,38200.42,Pune,India,DEV0994,4076108708269715,Mastercard
CUST000995,Lakshmi,Goswami,Female,63,Delhi,Delhi,India,569404.93,Regular,2020-04-23,33,11388.1,45552.39,Delhi,India,DEV0995,5261583882176481,Amex
CUST000996,Jairaj,Krishnamurthy,Male,28,Kolkata,West Bengal,India,420726.14,Regular,2023-04-20,41,8414.52,33658.09,Kolkata,India,DEV0996,4233222801944256,Mastercard
CUST000997,David,Balasubramanian,Male,55,Kolkata,West Bengal,India,495067.51,Regular,2020-08-29,48,9901.35,39605.4,Kolkata,India,DEV0997,5953506373118040,RuPay
CUST000998,Kiaan,Sankaran,Male,65,Hyderabad,Telangana,India,684851.55,Regular,2021-03-13,37,13697.03,54788.12,Hyderabad,India,DEV0998,5384185201362603,Amex
CUST000999,Hemang,Chatterjee,Male,48,Ahmedabad,Gujarat,India,1517786.11,Gold,2022-08-17,37,75889.31,227667.92,Ahmedabad,India,DEV0999,4547055491215164,Visa
CUST001000,Hemal,Borde,Other,25,Singapore,Singapore,Singapore,426552.47,Regular,2019-07-03,49,8531.05,34124.2,Singapore,Singapore,DEV1000,4919693957875208,Mastercard
